number,coordinate,dependencies
0,io.dropwizard.metrics5:metrics-logback:5.0.0-rc4,io.dropwizard.metrics5:metrics-logback:5.0.0-rc4;io.dropwizard.metrics5:metrics-core:5.0.0-rc4;ch.qos.logback:logback-classic:1.2.3;ch.qos.logback:logback-core:1.2.3;org.slf4j:slf4j-api:1.7.30
1,com.github.tkrs:fluflu-core_2.12:0.24.2,com.github.tkrs:fluflu-core_2.12:0.24.2;org.scala-lang:scala-library:2.12.12;com.github.tkrs:fluflu-msgpack_2.12:0.24.2;org.msgpack:msgpack-core:0.8.21;com.typesafe.scala-logging:scala-logging_2.12:3.9.2;org.scala-lang:scala-reflect:2.12.7;org.slf4j:slf4j-api:1.7.25
2,io.snappydata:snappy-spark-graphx_2.10:1.6.2-2,io.snappydata:snappy-spark-graphx_2.10:1.6.2-2;com.github.fommil.netlib:core:1.1.2;log4j:log4j:1.2.17;org.scala-lang:scala-library:2.10.6;com.google.guava:guava:14.0.1;org.slf4j:slf4j-log4j12:1.7.12;net.sourceforge.f2j:arpack_combined_all:0.1;org.scala-lang:scala-reflect:2.10.6;org.apache.xbean:xbean-asm5-shaded:4.4;org.slf4j:slf4j-api:1.7.12;io.snappydata:snappy-spark-test-tags_2.10:1.6.2-2;org.scalatest:scalatest_2.10:2.2.1
3,io.github.zxgangandy:base-eureka:1.0.7,io.github.zxgangandy:base-eureka:1.0.7;org.springframework.boot:spring-boot-starter:2.2.4.RELEASE;org.springframework.boot:spring-boot:2.2.4.RELEASE;org.springframework:spring-context:5.2.3.RELEASE;org.springframework.boot:spring-boot-autoconfigure:2.2.4.RELEASE;org.springframework.boot:spring-boot-starter-logging:2.2.4.RELEASE;ch.qos.logback:logback-classic:1.2.3;ch.qos.logback:logback-core:1.2.3;org.apache.logging.log4j:log4j-to-slf4j:2.12.1;org.apache.logging.log4j:log4j-api:2.12.1;org.slf4j:jul-to-slf4j:1.7.30;jakarta.annotation:jakarta.annotation-api:1.3.5;org.springframework:spring-core:5.2.3.RELEASE;org.springframework:spring-jcl:5.2.3.RELEASE;org.yaml:snakeyaml:1.25;org.springframework.boot:spring-boot-starter-web:2.2.4.RELEASE;org.springframework.boot:spring-boot-starter-json:2.2.4.RELEASE;com.fasterxml.jackson.core:jackson-databind:2.10.2;com.fasterxml.jackson.datatype:jackson-datatype-jdk8:2.10.2;com.fasterxml.jackson.datatype:jackson-datatype-jsr310:2.10.2;com.fasterxml.jackson.module:jackson-module-parameter-names:2.10.2;org.springframework.boot:spring-boot-starter-tomcat:2.2.4.RELEASE;org.apache.tomcat.embed:tomcat-embed-core:9.0.30;org.apache.tomcat.embed:tomcat-embed-el:9.0.30;org.apache.tomcat.embed:tomcat-embed-websocket:9.0.30;org.springframework.boot:spring-boot-starter-validation:2.2.4.RELEASE;jakarta.validation:jakarta.validation-api:2.0.2;org.hibernate.validator:hibernate-validator:6.0.18.Final;org.jboss.logging:jboss-logging:3.3.2.Final;com.fasterxml:classmate:1.3.4;org.springframework:spring-web:5.2.3.RELEASE;org.springframework:spring-webmvc:5.2.3.RELEASE;org.springframework:spring-aop:5.2.3.RELEASE;org.springframework:spring-expression:5.2.3.RELEASE;org.springframework.cloud:spring-cloud-starter-netflix-eureka-client:1.4.5.RELEASE;org.springframework.cloud:spring-cloud-starter:1.3.4.RELEASE;org.springframework.cloud:spring-cloud-context:1.3.4.RELEASE;org.springframework.security:spring-security-rsa:1.0.3.RELEASE;org.bouncycastle:bcpkix-jdk15on:1.55;org.bouncycastle:bcprov-jdk15on:1.55;org.springframework.cloud:spring-cloud-netflix-core:1.4.5.RELEASE;org.springframework.cloud:spring-cloud-netflix-eureka-client:1.4.5.RELEASE;com.netflix.eureka:eureka-client:1.7.2;org.codehaus.jettison:jettison:1.3.7;stax:stax-api:1.0.1;com.netflix.netflix-commons:netflix-eventbus:0.3.0;com.netflix.netflix-commons:netflix-infix:0.3.0;commons-jxpath:commons-jxpath:1.3;joda-time:joda-time:2.3;org.antlr:antlr-runtime:3.4;org.antlr:stringtemplate:3.2.1;antlr:antlr:2.7.7;com.google.code.gson:gson:2.1;org.apache.commons:commons-math:2.2;com.netflix.archaius:archaius-core:0.7.5;javax.ws.rs:jsr311-api:1.1.1;com.netflix.servo:servo-core:0.10.1;com.netflix.servo:servo-internal:0.10.1;com.sun.jersey:jersey-core:1.19.1;com.sun.jersey:jersey-client:1.19.1;com.sun.jersey.contribs:jersey-apache-client4:1.19.1;org.apache.httpcomponents:httpclient:4.3.4;org.apache.httpcomponents:httpcore:4.3.2;commons-codec:commons-codec:1.6;com.google.inject:guice:4.1.0;javax.inject:javax.inject:1;aopalliance:aopalliance:1.0;com.fasterxml.jackson.core:jackson-annotations:2.8.7;com.fasterxml.jackson.core:jackson-core:2.8.7;com.netflix.eureka:eureka-core:1.7.2;org.codehaus.woodstox:woodstox-core-asl:4.4.1;javax.xml.stream:stax-api:1.0-2;org.codehaus.woodstox:stax2-api:3.1.4;org.springframework.cloud:spring-cloud-starter-netflix-archaius:1.4.5.RELEASE;commons-configuration:commons-configuration:1.8;commons-lang:commons-lang:2.6;com.google.guava:guava:18.0;org.springframework.cloud:spring-cloud-starter-netflix-ribbon:1.4.5.RELEASE;com.netflix.ribbon:ribbon:2.2.5;com.netflix.ribbon:ribbon-transport:2.2.5;io.reactivex:rxnetty-contexts:0.4.9;io.reactivex:rxnetty-servo:0.4.9;io.reactivex:rxnetty:0.4.9;io.netty:netty-codec-http:4.0.27.Final;io.netty:netty-codec:4.0.27.Final;io.netty:netty-handler:4.0.27.Final;io.netty:netty-transport-native-epoll:4.0.27.Final;io.netty:netty-common:4.0.27.Final;io.netty:netty-buffer:4.0.27.Final;io.netty:netty-transport:4.0.27.Final;com.netflix.ribbon:ribbon-core:2.2.5;com.netflix.ribbon:ribbon-httpclient:2.2.5;commons-collections:commons-collections:3.2.2;com.netflix.netflix-commons:netflix-commons-util:0.1.1;com.netflix.ribbon:ribbon-loadbalancer:2.2.5;com.netflix.netflix-commons:netflix-statistics:0.1.1;io.reactivex:rxjava:1.2.0;com.netflix.ribbon:ribbon-eureka:2.2.5;org.slf4j:slf4j-api:1.7.12;com.thoughtworks.xstream:xstream:1.4.10;xmlpull:xmlpull:1.1.3.1;xpp3:xpp3_min:1.1.4c;org.springframework:spring-jdbc:5.2.3.RELEASE;org.springframework:spring-beans:5.2.3.RELEASE;org.springframework:spring-tx:5.2.3.RELEASE;org.springframework.cloud:spring-cloud-starter-openfeign:2.2.0.RELEASE;org.springframework.cloud:spring-cloud-openfeign-core:2.2.0.RELEASE;org.springframework.cloud:spring-cloud-netflix-ribbon:2.2.0.RELEASE;org.springframework.cloud:spring-cloud-netflix-archaius:2.2.0.RELEASE;org.springframework.boot:spring-boot-starter-aop:2.2.1.RELEASE;org.aspectj:aspectjweaver:1.9.4;io.github.openfeign.form:feign-form-spring:3.8.0;io.github.openfeign.form:feign-form:3.8.0;commons-fileupload:commons-fileupload:1.4;commons-io:commons-io:2.2;org.springframework.cloud:spring-cloud-commons:2.2.0.RELEASE;org.springframework.security:spring-security-crypto:5.2.1.RELEASE;io.github.openfeign:feign-core:10.4.0;io.github.openfeign:feign-slf4j:10.4.0;io.github.openfeign:feign-hystrix:10.4.0;com.netflix.hystrix:hystrix-core:1.5.18;org.hdrhistogram:HdrHistogram:2.1.9
4,net.exoego:aws-sdk-scalajs-facade-core_sjs1_2.12:0.32.0-v2.798.0,net.exoego:aws-sdk-scalajs-facade-core_sjs1_2.12:0.32.0-v2.798.0;org.scala-lang:scala-library:2.12.12;org.scala-js:scalajs-library_2.12:1.3.1
5,org.apache.camel.quarkus:camel-quarkus-grok:1.6.0,org.apache.camel.quarkus:camel-quarkus-grok:1.6.0;org.apache.camel.quarkus:camel-quarkus-core:1.6.0;io.quarkus:quarkus-core:1.11.0.Final;jakarta.annotation:jakarta.annotation-api:1.3.5;jakarta.enterprise:jakarta.enterprise.cdi-api:2.0.2;jakarta.el:jakarta.el-api:3.0.3;jakarta.interceptor:jakarta.interceptor-api:1.2.5;jakarta.ejb:jakarta.ejb-api:3.2.6;jakarta.inject:jakarta.inject-api:1.0;io.quarkus:quarkus-ide-launcher:1.11.0.Final;io.smallrye.config:smallrye-config:1.10.0;io.smallrye.common:smallrye-common-annotation:1.5.0;io.smallrye.config:smallrye-config-common:1.10.0;io.smallrye.common:smallrye-common-expression:1.5.0;io.smallrye.common:smallrye-common-function:1.5.0;io.smallrye.common:smallrye-common-constraint:1.5.0;io.smallrye.common:smallrye-common-classloader:1.5.0;org.ow2.asm:asm:9.0;org.jboss.logging:jboss-logging:3.4.1.Final;org.jboss.logmanager:jboss-logmanager-embedded:1.0.6;org.jboss.logging:jboss-logging-annotations:2.2.0.Final;org.jboss.threads:jboss-threads:3.2.0.Final;org.slf4j:slf4j-api:1.7.30;org.jboss.slf4j:slf4j-jboss-logmanager:1.1.0.Final;org.graalvm.sdk:graal-sdk:20.3.0;org.wildfly.common:wildfly-common:1.5.4.Final-format-001;io.quarkus:quarkus-bootstrap-runner:1.11.0.Final;io.smallrye.common:smallrye-common-io:1.5.0;io.quarkus:quarkus-arc:1.11.0.Final;io.quarkus.arc:arc:1.11.0.Final;jakarta.transaction:jakarta.transaction-api:1.3.3;org.eclipse.microprofile.context-propagation:microprofile-context-propagation-api:1.0.1;org.apache.camel.quarkus:camel-quarkus-support-common:1.6.0;io.quarkus:quarkus-development-mode-spi:1.11.0.Final;org.apache.camel:camel-base:3.7.0;org.apache.camel:camel-api:3.7.0;org.apache.camel:camel-management-api:3.7.0;org.apache.camel:camel-util:3.7.0;org.apache.camel:camel-componentdsl:3.7.0;org.apache.camel:camel-core-catalog:3.7.0;org.apache.camel:camel-tooling-model:3.7.0;org.apache.camel:camel-util-json:3.7.0;org.apache.camel:camel-core-engine:3.7.0;org.apache.camel:camel-base-engine:3.7.0;org.apache.camel:camel-core-reifier:3.7.0;org.apache.camel:camel-core-model:3.7.0;org.apache.camel:camel-core-languages:3.7.0;org.apache.camel:camel-core-processor:3.7.0;org.apache.camel:camel-endpointdsl:3.7.0;org.apache.camel:camel-microprofile-config:3.7.0;org.eclipse.microprofile.config:microprofile-config-api:1.4;org.apache.camel:camel-grok:3.7.0;org.apache.camel:camel-support:3.7.0;io.krakens:java-grok:0.1.9;org.apache.commons:commons-lang3:3.7
6,org.robolectric:robolectric-processor:3.4-rc1,org.robolectric:robolectric-processor:3.4-rc1;org.robolectric:robolectric-annotations:3.4-rc1;org.robolectric:shadow-api:3.4-rc1;com.google.guava:guava:20.0;com.google.code.gson:gson:2.8.0;ch.raffael.pegdown-doclet:pegdown-doclet:1.3;net.sourceforge.plantuml:plantuml:8032;org.pegdown:pegdown:1.6.0;org.parboiled:parboiled-java:1.1.7;org.parboiled:parboiled-core:1.1.7;org.ow2.asm:asm:5.0.3;org.ow2.asm:asm-tree:5.0.3;org.ow2.asm:asm-analysis:5.0.3;org.ow2.asm:asm-util:5.0.3
7,de.mhus.lib:lib-annotations:7.3.0,de.mhus.lib:lib-annotations:7.3.0;com.fasterxml.jackson.core:jackson-databind:2.10.2;com.fasterxml.jackson.core:jackson-annotations:2.10.2;com.fasterxml.jackson.core:jackson-core:2.10.2;org.apache.logging.log4j:log4j-core:2.8.1;org.apache.logging.log4j:log4j-api:2.8.1;org.slf4j:slf4j-api:1.7.6
8,org.webjars.npm:uppy__utils:3.2.5,org.webjars.npm:uppy__utils:3.2.5;org.webjars.npm:abortcontroller-polyfill:1.7.3;org.webjars.npm:lodash.throttle:4.1.1
9,org.idpf:epubcheck:v4.0.0-alpha6,org.idpf:epubcheck:v4.0.0-alpha6;net.sf.saxon:Saxon-HE:9.5.1-5;org.apache.commons:commons-compress:1.5;org.daisy.libs:jing:20120724.0.0;org.w3c.css:sac:1.3;com.google.guava:guava:13.0.1;org.codehaus.jackson:jackson-core-asl:1.9.12;org.codehaus.jackson:jackson-mapper-asl:1.9.12;org.javatuples:javatuples:1.2
10,com.github.dblock.waffle:waffle-jna:1.5,com.github.dblock.waffle:waffle-jna:1.5;net.java.dev.jna:platform:3.5.0;net.java.dev.jna:jna:3.5.0;org.slf4j:slf4j-api:1.7.2;com.google.guava:guava:13.0.1
11,com.alibaba.middleware:termd-core:1.1.7.11,com.alibaba.middleware:termd-core:1.1.7.11;io.netty:netty-common:4.1.45.Final;io.netty:netty-buffer:4.1.45.Final;io.netty:netty-transport:4.1.45.Final;io.netty:netty-resolver:4.1.45.Final;io.netty:netty-handler:4.1.45.Final;io.netty:netty-codec:4.1.45.Final;io.netty:netty-codec-http:4.1.45.Final;com.fasterxml.jackson.core:jackson-databind:2.7.9.4;com.fasterxml.jackson.core:jackson-annotations:2.7.0;com.fasterxml.jackson.core:jackson-core:2.7.9
12,org.apache.activemq.examples.clustered:clustered-static-discovery:2.15.0,org.apache.activemq.examples.clustered:clustered-static-discovery:2.15.0;org.apache.activemq:artemis-cli:2.15.0;org.apache.activemq:artemis-commons:2.15.0;io.netty:netty-buffer:4.1.48.Final;io.netty:netty-transport:4.1.48.Final;io.netty:netty-resolver:4.1.48.Final;io.netty:netty-handler:4.1.48.Final;commons-beanutils:commons-beanutils:1.9.4;commons-logging:commons-logging:1.2;commons-collections:commons-collections:3.2.2;org.apache.activemq:artemis-core-client:2.15.0;org.jgroups:jgroups:3.6.13.Final;org.apache.johnzon:johnzon-core:0.9.5;io.netty:netty-transport-native-epoll:4.1.48.Final;io.netty:netty-transport-native-unix-common:4.1.48.Final;io.netty:netty-transport-native-kqueue:4.1.48.Final;io.netty:netty-codec-http:4.1.48.Final;io.netty:netty-handler-proxy:4.1.48.Final;io.netty:netty-codec:4.1.48.Final;io.netty:netty-codec-socks:4.1.48.Final;io.netty:netty-common:4.1.48.Final;org.apache.activemq:artemis-journal:2.15.0;org.apache.activemq:activemq-artemis-native:1.0.2;org.jboss.logmanager:jboss-logmanager:2.0.3.Final;org.apache.activemq:artemis-server:2.15.0;org.apache.activemq:artemis-jdbc-store:2.15.0;org.jctools:jctools-core:2.1.2;org.apache.commons:commons-configuration2:2.7;org.apache.commons:commons-text:1.8;io.micrometer:micrometer-core:1.1.4;org.hdrhistogram:HdrHistogram:2.1.9;org.latencyutils:LatencyUtils:2.0.3;commons-io:commons-io:2.6;org.apache.activemq:artemis-jms-server:2.15.0;org.apache.activemq:artemis-service-extensions:2.15.0;org.apache.geronimo.specs:geronimo-jta_1.1_spec:1.1.1;org.apache.activemq:artemis-tools:2.15.0;org.apache.activemq:artemis-dto:2.15.0;javax.xml.bind:jaxb-api:2.2.7;com.sun.xml.bind:jaxb-impl:2.2.7;com.sun.xml.bind:jaxb-core:2.2.7;com.sun.istack:istack-commons-runtime:2.16;com.sun.xml.fastinfoset:FastInfoset:1.2.12;javax.xml.bind:jsr173_api:1.0;com.sun.xml.bind:jaxb-jxc:2.2.7;com.sun.xml.bind:jaxb-xjc:2.2.7;javax.activation:activation:1.1.1;javax.inject:javax.inject:1;org.apache.geronimo.specs:geronimo-jms_2.0_spec:1.0-alpha-2;org.apache.geronimo.specs:geronimo-json_1.0_spec:1.0-alpha-1;org.apache.qpid:qpid-jms-client:0.54.0;org.slf4j:slf4j-api:1.7.30;org.apache.qpid:proton-j:0.33.6;org.jboss.logging:jboss-logging:3.4.0.Final;io.airlift:airline:0.8;com.google.code.findbugs:jsr305:3.0.2;com.google.guava:guava:21.0;org.apache.commons:commons-lang3:3.0;org.apache.activemq:artemis-jms-client:2.15.0;org.apache.activemq:artemis-selector:2.15.0
13,org.kie.workbench:kie-wb-common-ala-provisioning-pipelines-openshift:7.46.0.Final,org.kie.workbench:kie-wb-common-ala-provisioning-pipelines-openshift:7.46.0.Final;org.kie.workbench:kie-wb-common-ala-spi:7.46.0.Final;javax.enterprise:cdi-api:2.0.SP1;javax.inject:javax.inject:1;org.uberfire:uberfire-nio2-model:7.46.0.Final;org.jboss.errai:errai-security-server:4.10.0.Final;org.apache.deltaspike.core:deltaspike-core-api:1.5.1;org.jboss.resteasy:resteasy-cdi:3.11.2.Final;org.jboss.spec.javax.interceptor:jboss-interceptors-api_1.2_spec:2.0.0.Final;jakarta.validation:jakarta.validation-api:2.0.2;org.jboss.resteasy:resteasy-jaxrs:3.11.2.Final;org.reactivestreams:reactive-streams:1.0.3;org.jboss.spec.javax.annotation:jboss-annotations-api_1.3_spec:2.0.1.Final;com.sun.activation:jakarta.activation:1.2.1;com.github.stephenc.jcip:jcip-annotations:1.0-1;org.jboss.logging:jboss-logging:3.3.2.Final;org.jboss.weld:weld-api:3.0.SP4;org.javassist:javassist:3.23.2-GA;org.jsoup:jsoup:1.8.3;org.kie.soup:kie-soup-xstream:7.46.0.Final;com.thoughtworks.xstream:xstream:1.4.11.1;xmlpull:xmlpull:1.1.3.1;xpp3:xpp3_min:1.1.4c;commons-codec:commons-codec:1.11;org.uberfire:uberfire-commons:7.46.0.Final;org.apache.activemq:artemis-jms-client:2.3.0;org.apache.activemq:artemis-core-client:2.3.0;org.apache.activemq:artemis-commons:2.3.0;org.apache.geronimo.specs:geronimo-json_1.0_spec:1.0-alpha-1;org.apache.johnzon:johnzon-core:0.9.5;org.apache.activemq:artemis-selector:2.3.0;org.jboss.errai:errai-marshalling:4.10.0.Final;org.jboss.errai:errai-common:4.10.0.Final;com.google.jsinterop:jsinterop-annotations:2.0.0;org.jboss.errai.reflections:reflections:4.10.0.Final;de.benediktmeurer.gwt-slf4j:gwt-slf4j:0.0.2;com.google.elemental2:elemental2-dom:1.1.0;com.google.jsinterop:base:1.0.0;com.google.elemental2:elemental2-core:1.1.0;com.google.elemental2:elemental2-promise:1.1.0;org.jboss.errai:errai-config:4.10.0.Final;org.jboss.errai:errai-codegen:4.10.0.Final;org.jboss.errai:errai-codegen-gwt:4.10.0.Final;org.jboss.spec.javax.jms:jboss-jms-api_2.0_spec:1.0.2.Final;io.netty:netty-buffer:4.1.51.Final;io.netty:netty-common:4.1.51.Final;io.netty:netty-transport:4.1.51.Final;io.netty:netty-resolver:4.1.51.Final;io.netty:netty-handler:4.1.51.Final;io.netty:netty-codec:4.1.51.Final;io.netty:netty-transport-native-epoll:4.1.51.Final;io.netty:netty-transport-native-unix-common:4.1.51.Final;io.netty:netty-transport-native-kqueue:4.1.51.Final;io.netty:netty-codec-http:4.1.51.Final;org.kie.soup:kie-soup-commons:7.46.0.Final;commons-configuration:commons-configuration:1.6;commons-collections:commons-collections:3.2.1;commons-lang:commons-lang:2.4;commons-beanutils:commons-beanutils:1.9.4;com.fasterxml.jackson.core:jackson-databind:2.10.4;com.fasterxml.jackson.core:jackson-annotations:2.10.4;com.fasterxml.jackson.core:jackson-core:2.10.4;net.bytebuddy:byte-buddy:1.10.3;org.slf4j:slf4j-api:1.7.26;org.kie.workbench:kie-wb-common-ala-openshift-provider:7.46.0.Final;org.kie.workbench:kie-wb-common-ala-services-api:7.46.0.Final;org.jboss.errai:errai-bus:4.10.0.Final;org.mvel:mvel2:2.4.8.Final;junit:junit:4.12;org.hamcrest:hamcrest-core:1.3;org.jgroups:jgroups:3.6.14.Final;org.hibernate:hibernate-validator:4.1.0.Final;javax.validation:validation-api:1.0.0.GA;org.kie.workbench:kie-wb-common-ala-build-maven:7.46.0.Final;org.kie.soup:kie-soup-maven-integration:7.46.0.Final;org.kie.soup:kie-soup-maven-support:7.46.0.Final;org.apache.maven:maven-plugin-api:3.3.9;org.apache.maven:maven-settings:3.3.9;org.apache.maven:maven-settings-builder:3.3.9;org.apache.maven:maven-compat:3.3.9;org.apache.maven:maven-aether-provider:3.3.9;org.sonatype.plexus:plexus-sec-dispatcher:1.3;org.codehaus.plexus:plexus-classworlds:2.5.2;org.eclipse.aether:aether-util:1.1.0;org.eclipse.aether:aether-impl:1.1.0;org.eclipse.aether:aether-spi:1.1.0;org.eclipse.aether:aether-transport-file:1.1.0;org.eclipse.aether:aether-transport-http:1.1.0;org.eclipse.sisu:org.eclipse.sisu.plexus:0.3.2;org.eclipse.sisu:org.eclipse.sisu.inject:0.3.2;org.apache.ant:ant:1.9.15;org.apache.ant:ant-launcher:1.9.15;org.apache.httpcomponents:httpcore:4.4.6;org.sonatype.plexus:plexus-cipher:1.7;com.google.inject:guice:4.0;org.uberfire:uberfire-nio2-jgit:7.46.0.Final;com.jcraft:jsch:0.1.54;org.apache.sshd:sshd-core:1.6.0;org.eclipse.jgit:org.eclipse.jgit.http.server:5.0.2.201807311906-r;org.eclipse.jgit:org.eclipse.jgit:5.0.2.201807311906-r;com.jcraft:jzlib:1.1.1;com.googlecode.javaewah:JavaEWAH:1.1.6;org.uberfire:uberfire-nio2-fs:7.46.0.Final;org.uberfire:uberfire-nio2-api:7.46.0.Final;commons-io:commons-io:2.6;org.apache.maven:maven-embedder:3.3.9;org.codehaus.plexus:plexus-component-annotations:1.6;commons-cli:commons-cli:1.2;org.apache.maven:maven-core:3.3.9;org.apache.maven:maven-repository-metadata:3.3.9;org.codehaus.plexus:plexus-interpolation:1.21;org.apache.maven:maven-artifact:3.3.9;org.apache.maven:maven-model:3.3.9;org.codehaus.plexus:plexus-utils:3.0.22;org.apache.maven:maven-model-builder:3.3.9;org.apache.maven:maven-builder-support:3.3.9;org.eclipse.aether:aether-api:1.1.0;org.eclipse.aether:aether-connector-basic:1.1.0;org.eclipse.aether:aether-transport-wagon:1.1.0;org.apache.maven.wagon:wagon-http:3.0.0;org.apache.maven.wagon:wagon-http-shared:3.0.0;org.apache.httpcomponents:httpclient:4.5.3;org.apache.maven.wagon:wagon-provider-api:3.0.0;com.google.guava:guava:25.0-jre;com.google.code.findbugs:jsr305:1.3.9;org.checkerframework:checker-compat-qual:2.0.0;com.google.errorprone:error_prone_annotations:2.1.3;com.google.j2objc:j2objc-annotations:1.1;org.codehaus.mojo:animal-sniffer-annotations:1.14;org.kie.workbench:kie-wb-common-ala-openshift-client:7.46.0.Final;io.fabric8:kubernetes-model:4.6.0;io.fabric8:kubernetes-model-common:4.6.0;javax.annotation:javax.annotation-api:1.3.2;javax.xml.bind:jaxb-api:2.3.0;io.fabric8:kubernetes-client:4.6.0;com.github.mifmif:generex:1.0.2;dk.brics.automaton:automaton:1.11-8;io.fabric8:openshift-client:4.6.0;io.fabric8:zjsonpatch:0.3.0;com.fasterxml.jackson.dataformat:jackson-dataformat-yaml:2.10.4;com.fasterxml.jackson.jaxrs:jackson-jaxrs-json-provider:2.10.4;com.fasterxml.jackson.jaxrs:jackson-jaxrs-base:2.10.4;com.fasterxml.jackson.module:jackson-module-jaxb-annotations:2.9.10;org.slf4j:jul-to-slf4j:1.7.26;com.squareup.okhttp3:okhttp:3.12.1;com.squareup.okio:okio:1.15.0;com.squareup.okhttp3:logging-interceptor:3.12.1;com.google.code.gson:gson:2.8.2;org.kie.server:kie-server-client:7.46.0.Final;org.apache.commons:commons-lang3:3.9;org.kie:kie-api:7.46.0.Final;org.kie:kie-internal:7.46.0.Final;org.optaplanner:optaplanner-core:7.46.0.Final;org.drools:drools-compiler:7.46.0.Final;org.antlr:antlr-runtime:3.5.2;org.drools:drools-mvel:7.46.0.Final;org.kie.soup:kie-soup-project-datamodel-commons:7.46.0.Final;org.kie.soup:kie-soup-project-datamodel-api:7.46.0.Final;org.drools:drools-canonical-model:7.46.0.Final;org.drools:drools-model-compiler:7.46.0.Final;com.github.javaparser:javaparser-core:3.13.10;org.drools:drools-mvel-parser:7.46.0.Final;org.drools:drools-mvel-compiler:7.46.0.Final;org.apache.commons:commons-math3:3.4.1;org.reflections:reflections:0.9.11;org.drools:drools-core:7.46.0.Final;org.drools:drools-core-reflective:7.46.0.Final;org.drools:drools-core-dynamic:7.46.0.Final;org.kie:kie-dmn-api:7.46.0.Final;org.kie:kie-dmn-model:7.46.0.Final;org.kie.server:kie-server-api:7.46.0.Final;org.optaplanner:optaplanner-persistence-xstream:7.46.0.Final;org.optaplanner:optaplanner-persistence-common:7.46.0.Final;org.optaplanner:optaplanner-persistence-jaxb:7.46.0.Final;org.jboss.spec.javax.xml.bind:jboss-jaxb-api_2.3_spec:1.0.1.Final;com.fasterxml.jackson.datatype:jackson-datatype-jsr310:2.10.4;org.drools:kie-pmml:7.46.0.Final;org.drools:drools-ruleunit:7.46.0.Final;javax.activation:activation:1.1.1;org.jboss.spec.javax.ws.rs:jboss-jaxrs-api_2.1_spec:1.0.2.Final;org.kie.server:kie-server-common:7.46.0.Final;com.sun.xml.bind:jaxb-core:2.3.0;com.sun.xml.bind:jaxb-impl:2.3.0;org.slf4j:jcl-over-slf4j:1.7.26
14,org.openmuc.framework:openmuc-webui-channelaccesstool:0.19.0,org.openmuc.framework:openmuc-webui-channelaccesstool:0.19.0;org.slf4j:slf4j-api:1.7.30;ch.qos.logback:logback-classic:1.2.3;ch.qos.logback:logback-core:1.2.3;org.openmuc.framework:openmuc-core-api:0.19.0;org.osgi:osgi.core:7.0.0;org.osgi:org.osgi.service.component.annotations:1.4.0;org.apache.felix:org.apache.felix.scr:2.1.20;org.codehaus.mojo:animal-sniffer-annotations:1.9;org.osgi:org.osgi.service.http:1.2.1;org.openmuc.framework:openmuc-webui-spi:0.19.0
15,com.seepine:wechat-spring-boot-starter:1.1.0,com.seepine:wechat-spring-boot-starter:1.1.0;org.springframework.boot:spring-boot-configuration-processor:2.3.0.RELEASE;com.seepine:httpclient:1.0.0;org.apache.httpcomponents:httpclient:4.5.12;org.apache.httpcomponents:httpcore:4.4.13;commons-logging:commons-logging:1.2;commons-codec:commons-codec:1.11;org.projectlombok:lombok:1.18.12;com.alibaba:fastjson:1.2.73;org.slf4j:slf4j-api:1.7.30;cn.hutool:hutool-all:5.5.7
16,org.netbeans.api:org-netbeans-api-intent:RELEASE123,org.netbeans.api:org-netbeans-api-intent:RELEASE123;org.netbeans.api:org-netbeans-api-annotations-common:RELEASE123;org.netbeans.api:org-openide-filesystems:RELEASE123;org.netbeans.api:org-openide-util:RELEASE123;org.netbeans.api:org-openide-util-lookup:RELEASE123
17,com.indoqa.solr:indoqa-solr-configuration-utils:6.6.5,com.indoqa.solr:indoqa-solr-configuration-utils:6.6.5;com.indoqa:indoqa-lang:1.1.0;org.apache.commons:commons-lang3:3.4;commons-io:commons-io:2.3;org.slf4j:slf4j-api:1.7.13;org.jooq:joox-java-6:1.6.0;javax.xml.bind:jaxb-api:2.3.0
18,com.netflix.servo:servo-graphite:0.4.27,com.netflix.servo:servo-graphite:0.4.27;org.slf4j:slf4j-api:1.6.3;com.google.guava:guava:11.0.1;com.google.code.findbugs:jsr305:1.3.9;com.netflix.servo:servo-core:0.4.27;com.google.code.findbugs:annotations:2.0.0
19,org.kie:kie-pmml-models-mining-evaluator:7.50.0.t20210209,org.kie:kie-pmml-models-mining-evaluator:7.50.0.t20210209;org.kie:kie-pmml-models-mining-model:7.50.0.t20210209;org.kie:kie-pmml-api:7.50.0.t20210209;org.kie:kie-api:7.50.0.t20210209;org.kie.soup:kie-soup-maven-support:7.50.0.t20210209;org.kie:kie-pmml-commons:7.50.0.t20210209;org.slf4j:slf4j-api:1.7.26;org.kie:kie-pmml-evaluator-core:7.50.0.t20210209;org.kie:kie-pmml-evaluator-api:7.50.0.t20210209;org.drools:drools-core:7.50.0.t20210209;org.kie:kie-internal:7.50.0.t20210209;org.kie.soup:kie-soup-xstream:7.50.0.t20210209;org.drools:drools-core-reflective:7.50.0.t20210209;org.kie:kie-memory-compiler:7.50.0.t20210209;org.drools:drools-core-dynamic:7.50.0.t20210209;commons-codec:commons-codec:1.11
20,org.caseine:caseine.vpl.tests.EntreeEtSortieStandards:0.0.41,org.caseine:caseine.vpl.tests.EntreeEtSortieStandards:0.0.41;org.caseine:caseine.vpl.tools.goals:0.0.41;org.apache.maven:maven-plugin-api:2.0;org.caseine:caseine.vpl.tools.commands:0.0.41;org.caseine:caseine.vpl.tools.plugin:0.0.41;com.github.javaparser:javaparser-core:3.14.10;org.caseine:caseine.vpl.tools.vplclient:0.0.41;org.glassfish:javax.json:1.1.4;commons-cli:commons-cli:1.4
21,io.udash:udash-css_2.13:0.9.0-M8,io.udash:udash-css_2.13:0.9.0-M8;org.scala-lang:scala-library:2.13.4;io.udash:udash-core_2.13:0.9.0-M8;io.udash:udash-utils_2.13:0.9.0-M8;io.udash:udash-macros_2.13:0.9.0-M8;com.avsystem.commons:commons-macros_2.13:2.0.0;com.avsystem.commons:commons-core_2.13:2.0.0;com.typesafe.scala-logging:scala-logging_2.13:3.9.2;org.slf4j:slf4j-api:1.7.26;com.lihaoyi:scalatags_2.13:0.9.3;com.lihaoyi:sourcecode_2.13:0.2.3;com.lihaoyi:geny_2.13:0.6.5;com.github.japgolly.scalacss:core_2.13:0.7.0;org.scala-lang:scala-reflect:2.13.4;com.github.japgolly.univeq:univeq_2.13:1.3.0;org.scala-lang.modules:scala-collection-compat_2.13:2.3.2
22,com.github.splunk.lightproto:lightproto-code-generator:0.3,com.github.splunk.lightproto:lightproto-code-generator:0.3;io.protostuff:protostuff-parser:1.7.2;org.antlr:antlr-runtime:3.5.2;org.slf4j:slf4j-api:1.7.25;com.google.guava:guava:27.0.1-jre;com.google.guava:failureaccess:1.0.1;com.google.guava:listenablefuture:9999.0-empty-to-avoid-conflict-with-guava;com.google.code.findbugs:jsr305:3.0.2;org.checkerframework:checker-qual:2.5.2;com.google.errorprone:error_prone_annotations:2.2.0;com.google.j2objc:j2objc-annotations:1.1;org.codehaus.mojo:animal-sniffer-annotations:1.17;org.jibx:jibx-tools:1.3.3;org.jibx:jibx-schema:1.3.3;org.jibx:jibx-bind:1.3.3;org.jibx:jibx-run:1.3.3;joda-time:joda-time:2.10.5;xpp3:xpp3:1.1.3.4.O;org.apache.bcel:bcel:6.4.1;log4j:log4j:1.2.17;org.apache.ant:ant:1.8.4;org.apache.ant:ant-launcher:1.8.4;com.thoughtworks.qdox:qdox:1.12.1;org.jibx:jibx-extras:1.3.3;dom4j:dom4j:1.6.1;org.jdom:jdom:1.1.3;org.jibx.config.3rdparty.org.eclipse:org.eclipse.core.contenttype:3.4.100.v20110423-0524;org.jibx.config.3rdparty.org.eclipse:org.eclipse.core.jobs:3.5.100.v20110404;org.jibx.config.3rdparty.org.eclipse:org.eclipse.core.resources:3.7.100.v20110510-0712;org.jibx.config.3rdparty.org.eclipse:org.eclipse.core.runtime:3.7.0.v20110110;org.jibx.config.3rdparty.org.eclipse:org.eclipse.equinox.common:3.6.0.v20110523;org.jibx.config.3rdparty.org.eclipse:org.eclipse.equinox.preferences:3.4.0.v20110502;org.jibx.config.3rdparty.org.eclipse:org.eclipse.jdt.core:3.7.0.v_B61;org.jibx.config.3rdparty.org.eclipse:org.eclipse.osgi:3.7.0.v20110613;org.jibx.config.3rdparty.org.eclipse:org.eclipse.text:3.5.100.v20110505-0800;org.apache.servicemix.bundles:org.apache.servicemix.bundles.dom4j:1.6.1_5;xml-apis:xml-apis:1.0.b2;org.apache.servicemix.bundles:org.apache.servicemix.bundles.jdom:1.1_4;org.apache.servicemix.bundles:org.apache.servicemix.bundles.xpp3:1.1.4c_6;org.jboss.forge.roaster:roaster-api:2.22.2.Final;org.jboss.forge.roaster:roaster-jdt:2.22.2.Final
23,org.apache.tephra:tephra-hbase-compat-1.6:0.16.0,org.apache.tephra:tephra-hbase-compat-1.6:0.16.0;org.apache.tephra:tephra-api:0.16.0;com.google.code.findbugs:jsr305:2.0.1;org.apache.tephra:tephra-core:0.16.0;com.google.code.gson:gson:2.2.4;com.google.guava:guava:13.0.1;com.google.inject:guice:3.0;javax.inject:javax.inject:1;aopalliance:aopalliance:1.0;com.google.inject.extensions:guice-assistedinject:3.0;ch.qos.logback:logback-classic:1.2.3;ch.qos.logback:logback-core:1.2.3;org.slf4j:slf4j-api:1.7.5;org.apache.thrift:libthrift:0.9.3-1;org.apache.httpcomponents:httpclient:4.4.1;commons-logging:commons-logging:1.2;commons-codec:commons-codec:1.9;org.apache.httpcomponents:httpcore:4.4.1;it.unimi.dsi:fastutil:6.5.6;org.apache.twill:twill-common:0.8.0;org.apache.twill:twill-core:0.8.0;org.apache.twill:twill-api:0.8.0;org.ow2.asm:asm-all:5.0.2;org.apache.twill:twill-discovery-api:0.8.0;org.apache.twill:twill-discovery-core:0.8.0;org.apache.twill:twill-zookeeper:0.8.0;org.apache.zookeeper:zookeeper:3.4.5;jline:jline:0.9.94;io.dropwizard.metrics:metrics-core:3.1.0
24,org.kodein.db:kodein-leveldb-api-jvm:0.6.1-beta,org.kodein.db:kodein-leveldb-api-jvm:0.6.1-beta;org.kodein.log:kodein-log-jvm:0.10.1;org.jetbrains.kotlinx:kotlinx-datetime-jvm:0.1.1;org.slf4j:slf4j-api:1.7.30;org.kodein.memory:kodein-memory-jvm:0.7.0;org.jetbrains.kotlinx:kotlinx-serialization-core-jvm:1.1.0;org.jetbrains.kotlin:kotlin-stdlib-common:1.4.31;org.jetbrains.kotlin:kotlin-stdlib-jdk8:1.4.31;org.jetbrains.kotlin:kotlin-stdlib:1.4.31;org.jetbrains:annotations:13.0;org.jetbrains.kotlin:kotlin-stdlib-jdk7:1.4.31;org.jetbrains.kotlinx:atomicfu-jvm:0.15.1
25,com.alachisoft:nc-pro-serialization:5.2-alpha-26,com.alachisoft:nc-pro-serialization:5.2-alpha-26;com.alachisoft.ncache:ncache-professional-runtime:5.2-alpha-26;org.hyperic:sigar:1.6.4;com.oracle.database.jdbc:ojdbc6:11.2.0.4;com.oracle.database.jdbc:ucp:11.2.0.4;com.oracle.database.security:oraclepki:11.2.0.4;com.oracle.database.security:osdt_cert:11.2.0.4;com.oracle.database.security:osdt_core:11.2.0.4;com.oracle.database.ha:simplefan:11.2.0.4;com.oracle.database.ha:ons:11.2.0.4;javax.cache:cache-api:1.1.1;com.google.guava:guava:28.1-jre;com.google.guava:failureaccess:1.0.1;com.google.guava:listenablefuture:9999.0-empty-to-avoid-conflict-with-guava;com.google.code.findbugs:jsr305:3.0.2;org.checkerframework:checker-qual:2.8.1;com.google.errorprone:error_prone_annotations:2.3.2;com.google.j2objc:j2objc-annotations:1.3;org.codehaus.mojo:animal-sniffer-annotations:1.18;com.google.guava:guava-gwt:28.1-jre;com.google.inject:guice:3.0;javax.inject:javax.inject:1;aopalliance:aopalliance:1.0;com.google.inject.extensions:guice-multibindings:3.0;com.fasterxml.jackson.core:jackson-annotations:2.10.1;com.fasterxml.jackson.core:jackson-core:2.10.1;com.fasterxml.jackson.core:jackson-databind:2.10.1;org.javassist:javassist:3.25.0-GA;log4j:log4j:1.2.16;com.thoughtworks.paranamer:paranamer:2.3
26,org.typelevel:cats-kernel_native0.4_2.13:2.4.1,org.typelevel:cats-kernel_native0.4_2.13:2.4.1;org.scala-lang:scala-library:2.13.4;org.scala-native:nativelib_native0.4_2.13:0.4.0;org.scala-lang:scala-reflect:2.13.4;org.scala-native:javalib_native0.4_2.13:0.4.0;org.scala-native:posixlib_native0.4_2.13:0.4.0;org.scala-native:clib_native0.4_2.13:0.4.0;org.scala-native:auxlib_native0.4_2.13:0.4.0;org.scala-native:scalalib_native0.4_2.13:0.4.0;org.scala-lang:scala-library:2.13.4
27,org.specs2:specs2-gwt_sjs1_2.13:4.10.6,org.specs2:specs2-gwt_sjs1_2.13:4.10.6;org.scala-lang:scala-library:2.13.2;org.specs2:specs2-core_sjs1_2.13:4.10.6;org.specs2:specs2-matcher_sjs1_2.13:4.10.6;org.specs2:specs2-common_sjs1_2.13:4.10.6;org.specs2:specs2-fp_sjs1_2.13:4.10.6;org.scala-lang:scala-reflect:2.13.2;org.scala-lang.modules:scala-xml_2.13:1.3.0;org.scala-lang.modules:scala-parser-combinators_sjs1_2.13:1.1.2;org.specs2:specs2-matcher-extra_sjs1_2.13:4.10.6;org.specs2:specs2-analysis_sjs1_2.13:4.10.6;org.scala-lang:scala-compiler:2.13.2;org.jline:jline:3.14.1;net.java.dev.jna:jna:5.3.1;org.specs2:classycle:1.4.3;org.specs2:specs2-scalacheck_sjs1_2.13:4.10.6;org.scalacheck:scalacheck_sjs1_2.13:1.15.2;org.scala-js:scalajs-library_2.13:1.4.0;com.chuusai:shapeless_sjs1_2.13:2.3.3;org.scala-js:scalajs-test-interface_2.13:1.4.0;org.portable-scala:portable-scala-reflect_sjs1_2.13:1.0.0
28,com.github.yaoguoh:common-util:2.3.3.RELEASE,com.github.yaoguoh:common-util:2.3.3.RELEASE;org.springframework:spring-context:5.2.8.RELEASE;org.springframework:spring-aop:5.2.8.RELEASE;org.springframework:spring-beans:5.2.8.RELEASE;org.springframework:spring-core:5.2.8.RELEASE;org.springframework:spring-jcl:5.2.8.RELEASE;org.springframework:spring-expression:5.2.8.RELEASE;org.projectlombok:lombok:1.18.12;com.alibaba:fastjson:1.2.73;com.google.guava:guava:29.0-jre;com.google.guava:failureaccess:1.0.1;com.google.guava:listenablefuture:9999.0-empty-to-avoid-conflict-with-guava;com.google.code.findbugs:jsr305:3.0.2;org.checkerframework:checker-qual:2.11.1;com.google.errorprone:error_prone_annotations:2.3.4;com.google.j2objc:j2objc-annotations:1.3;commons-io:commons-io:2.8.0;org.apache.commons:commons-lang3:3.11;org.apache.commons:commons-collections4:4.4;cn.hutool:hutool-all:5.4.2
29,org.typelevel:jawn-ast_2.12:1.1.0,org.typelevel:jawn-ast_2.12:1.1.0;org.scala-lang:scala-library:2.12.12;org.typelevel:jawn-parser_2.12:1.1.0;org.typelevel:jawn-util_2.12:1.1.0
30,org.openidentityplatform.commons.guice:servlet:2.0.8,org.openidentityplatform.commons.guice:servlet:2.0.8;org.openidentityplatform.commons.guice:core:2.0.8;com.google.inject:guice:4.0;javax.inject:javax.inject:1;com.google.guava:guava:16.0.1;org.slf4j:slf4j-api:1.7.30;org.assertj:assertj-core:2.4.1
31,org.jboss.pnc:test-common:2.0.1,org.jboss.pnc:test-common:2.0.1;jakarta.enterprise:jakarta.enterprise.cdi-api:2.0.2.redhat-00002;jakarta.inject:jakarta.inject-api:1.0;io.rest-assured:rest-assured:4.3.1;org.codehaus.groovy:groovy:3.0.3;org.codehaus.groovy:groovy-xml:3.0.3;org.apache.httpcomponents:httpmime:4.5.3;org.hamcrest:hamcrest:2.1;org.ccil.cowan.tagsoup:tagsoup:1.2.1;io.rest-assured:json-path:4.3.1;org.codehaus.groovy:groovy-json:3.0.3;io.rest-assured:rest-assured-common:4.3.1;io.rest-assured:xml-path:4.3.1;org.apache.commons:commons-lang3:3.4;jakarta.xml.bind:jakarta.xml.bind-api:2.3.3;jakarta.activation:jakarta.activation-api:1.2.2;com.sun.xml.bind:jaxb-impl:2.3.3;org.jboss.shrinkwrap.resolver:shrinkwrap-resolver-api-maven-archive:3.1.4;org.jboss.shrinkwrap:shrinkwrap-api:1.2.6;org.jboss.shrinkwrap.resolver:shrinkwrap-resolver-spi:3.1.4;org.jboss.shrinkwrap.resolver:shrinkwrap-resolver-api-maven:3.1.4;org.jboss.shrinkwrap.resolver:shrinkwrap-resolver-api:3.1.4;org.apache.maven:maven-model:3.6.3;org.jboss.shrinkwrap.resolver:shrinkwrap-resolver-impl-maven:3.1.4;org.jboss.shrinkwrap.resolver:shrinkwrap-resolver-spi-maven:3.1.4;org.apache.maven:maven-resolver-provider:3.6.3;javax.inject:javax.inject:1;org.slf4j:slf4j-api:1.7.29;org.apache.maven:maven-model-builder:3.6.3;org.apache.maven:maven-artifact:3.6.3;org.apache.maven:maven-builder-support:3.6.3;org.eclipse.sisu:org.eclipse.sisu.inject:0.3.4;org.apache.maven:maven-repository-metadata:3.6.3;org.apache.maven:maven-settings:3.6.3;org.apache.maven:maven-settings-builder:3.6.3;org.apache.maven.resolver:maven-resolver-api:1.4.1;org.apache.maven.resolver:maven-resolver-impl:1.4.1;org.apache.maven.resolver:maven-resolver-spi:1.4.1;org.apache.maven.resolver:maven-resolver-util:1.4.1;org.apache.maven.resolver:maven-resolver-connector-basic:1.4.1;org.apache.maven.resolver:maven-resolver-transport-wagon:1.4.1;org.codehaus.plexus:plexus-interpolation:1.25;org.codehaus.plexus:plexus-utils:3.2.1;org.sonatype.plexus:plexus-sec-dispatcher:1.4;org.sonatype.plexus:plexus-cipher:1.4;org.apache.maven.wagon:wagon-provider-api:3.3.4;org.apache.maven.wagon:wagon-file:3.3.4;org.apache.maven.wagon:wagon-http-lightweight:2.12;org.apache.maven.wagon:wagon-http-shared:2.12;org.jsoup:jsoup:1.7.2;commons-io:commons-io:2.5;org.jboss.shrinkwrap.resolver:shrinkwrap-resolver-impl-maven-archive:3.1.4;org.jboss.shrinkwrap:shrinkwrap-impl-base:1.2.6;org.jboss.shrinkwrap:shrinkwrap-spi:1.2.6;org.jboss.shrinkwrap.resolver:shrinkwrap-resolver-spi-maven-archive:3.1.4;org.eclipse.sisu:org.eclipse.sisu.plexus:0.3.4;org.codehaus.plexus:plexus-compiler-javac:2.7;org.codehaus.plexus:plexus-compiler-api:2.7;org.assertj:assertj-core:3.16.1;junit:junit:4.13;org.hamcrest:hamcrest-core:1.3
32,lk.chathurabuddi:json-schema-filter:1.1.0,lk.chathurabuddi:json-schema-filter:1.1.0;com.googlecode.json-simple:json-simple:1.1.1;junit:junit:4.10;org.hamcrest:hamcrest-core:1.1
33,org.scala-lang.modules:scala-collection-contrib_2.13:0.2.2,org.scala-lang.modules:scala-collection-contrib_2.13:0.2.2;org.scala-lang:scala-library:2.13.1
34,org.netbeans.modules:org-netbeans-modules-html-editor-lib:RELEASE123,org.netbeans.modules:org-netbeans-modules-html-editor-lib:RELEASE123;org.netbeans.api:org-netbeans-api-annotations-common:RELEASE123;org.netbeans.api:org-netbeans-modules-editor-indent:RELEASE123;org.netbeans.api:org-netbeans-modules-editor-document:RELEASE123;org.netbeans.api:org-netbeans-modules-editor-mimelookup:RELEASE123;org.netbeans.api:org-netbeans-modules-editor-settings:RELEASE123;org.netbeans.api:org-netbeans-modules-editor-util:RELEASE123;org.netbeans.api:org-netbeans-modules-editor-lib:RELEASE123;org.netbeans.api:org-netbeans-api-progress:RELEASE123;org.netbeans.api:org-netbeans-api-progress-nb:RELEASE123;org.netbeans.api:org-netbeans-modules-editor-fold:RELEASE123;org.netbeans.api:org-netbeans-modules-editor-settings-lib:RELEASE123;org.netbeans.api:org-netbeans-modules-editor-guards:RELEASE123;org.netbeans.api:org-netbeans-modules-editor-lib2:RELEASE123;org.netbeans.api:org-openide-awt:RELEASE123;org.netbeans.api:org-openide-dialogs:RELEASE123;org.netbeans.api:org-netbeans-modules-html-lexer:RELEASE123;org.netbeans.api:org-netbeans-modules-lexer:RELEASE123;org.netbeans.api:org-netbeans-modules-parsing-api:RELEASE123;org.netbeans.api:org-netbeans-api-java-classpath:RELEASE123;org.netbeans.modules:org-netbeans-modules-parsing-lucene:RELEASE123;org.netbeans.api:org-netbeans-libs-lucene:RELEASE123;org.apache.lucene:lucene-core:3.6.2;org.netbeans.modules:org-netbeans-modules-masterfs:RELEASE123;org.netbeans.api:org-netbeans-modules-projectapi:RELEASE123;org.netbeans.api:org-netbeans-modules-queries:RELEASE123;org.netbeans.modules:org-netbeans-modules-web-common:RELEASE123;org.netbeans.api:org-netbeans-libs-json_simple:RELEASE123;com.googlecode.json-simple:json-simple:1.1.1;junit:junit:4.10;org.hamcrest:hamcrest-core:1.1;org.netbeans.api:org-openide-filesystems:RELEASE123;org.netbeans.api:org-openide-loaders:RELEASE123;org.netbeans.api:org-netbeans-api-scripting:RELEASE123;org.netbeans.api:org-netbeans-api-templates:RELEASE123;org.netbeans.api:org-openide-actions:RELEASE123;org.netbeans.api:org-openide-explorer:RELEASE123;org.netbeans.api:org-netbeans-swing-outline:RELEASE123;org.netbeans.api:org-netbeans-swing-tabcontrol:RELEASE123;org.netbeans.api:org-openide-filesystems-nb:RELEASE123;org.netbeans.api:org-openide-windows:RELEASE123;org.netbeans.api:org-openide-modules:RELEASE123;org.netbeans.api:org-openide-nodes:RELEASE123;org.netbeans.api:org-openide-text:RELEASE123;org.netbeans.api:org-openide-util-ui:RELEASE123;org.netbeans.api:org-openide-util:RELEASE123;org.netbeans.api:org-openide-util-lookup:RELEASE123
35,com.semanticcms:semanticcms-section-taglib:1.8.0,com.semanticcms:semanticcms-section-taglib:1.8.0;com.aoindustries:ao-encoding:3.1.0;com.aoindustries:ao-collections:1.2.0;com.aoindustries:ao-lang:4.6.1;com.aoindustries:aocode-public:4.3.0;com.aoindustries:ao-encoding-servlet:3.0.0;com.aoindustries:ao-net-types:1.2.1;com.aoindustries:ao-tlds:1.1.3;com.aoindustries:ao-fluent-html:0.2.0;com.aoindustries:ao-taglib:6.0.0;com.aoindustries:ao-encoding-taglib:1.0.1;com.aoindustries:ao-fluent-html-servlet:0.1.0;com.aoindustries:ao-io-buffer:3.3.0;com.aoindustries:ao-servlet-filter:2.3.0;com.aoindustries:ao-servlet-last-modified:1.2.0;com.aoindustries:ao-servlet-util:3.0.0;com.aoindustries:ao-web-resources-registry:0.2.0;com.aoindustries:ao-web-resources-servlet:0.1.0;org.apache.commons:commons-lang3:3.11;com.semanticcms:semanticcms-core-model:1.13.0;joda-time:joda-time:2.10.8;com.semanticcms:semanticcms-core-servlet:1.16.0;com.aoindustries:ao-concurrent:3.0.0;com.aoindustries:ao-servlet-subrequest:1.1.0;com.aoindustries:ao-tempfiles:2.0.0;com.aoindustries:ao-tempfiles-servlet:1.1.0;com.semanticcms:semanticcms-core-taglib:1.13.1;javax.servlet:jstl:1.2;org.glassfish.web:jstl-impl:1.2;com.semanticcms:semanticcms-section-model:1.5.2;com.semanticcms:semanticcms-section-servlet:1.10.0
36,com.arkondata:opentracing-effect_2.13:0.2.1,com.arkondata:opentracing-effect_2.13:0.2.1;org.scala-lang:scala-library:2.13.2;com.arkondata:opentracing-scala_2.13:0.2.1;io.opentracing:opentracing-api:0.33.0;org.typelevel:cats-core_2.13:2.2.0;org.typelevel:cats-kernel_2.13:2.2.0;org.typelevel:cats-effect_2.13:2.2.0
37,com.io7m.minisite:com.io7m.minisite.core:3.0.0,com.io7m.minisite:com.io7m.minisite.core:3.0.0;com.io7m.xom:xom:1.2.10;com.io7m.changelog:com.io7m.changelog.core:4.0.0;com.io7m.jaffirm:com.io7m.jaffirm.core:3.0.4;com.io7m.junreachable:com.io7m.junreachable.core:3.0.0;com.io7m.changelog:com.io7m.changelog.parser.api:4.0.0;com.io7m.jlexing:com.io7m.jlexing.core:2.0.0;com.io7m.changelog:com.io7m.changelog.xml.api:4.0.0;com.io7m.changelog:com.io7m.changelog.writer.api:4.0.0;com.io7m.changelog:com.io7m.changelog.xml.vanilla:4.0.0;com.io7m.changelog:com.io7m.changelog.schema:4.0.0;com.io7m.jxe:com.io7m.jxe.core:1.0.0;org.slf4j:slf4j-api:2.0.0-alpha0
38,org.bremersee:common-base-webmvc-starter:2.3.0,org.bremersee:common-base-webmvc-starter:2.3.0;org.bremersee:common-base-starter:2.3.0;org.springframework.boot:spring-boot-starter:2.4.1;org.springframework.boot:spring-boot:2.4.1;org.springframework.boot:spring-boot-autoconfigure:2.4.1;org.springframework.boot:spring-boot-starter-logging:2.4.1;ch.qos.logback:logback-classic:1.2.3;ch.qos.logback:logback-core:1.2.3;org.apache.logging.log4j:log4j-to-slf4j:2.13.3;org.apache.logging.log4j:log4j-api:2.13.3;org.slf4j:jul-to-slf4j:1.7.30;jakarta.annotation:jakarta.annotation-api:1.3.5;org.springframework:spring-core:5.3.2;org.springframework:spring-jcl:5.3.2;org.yaml:snakeyaml:1.27;org.springframework.boot:spring-boot-starter-validation:2.4.1;org.glassfish:jakarta.el:3.0.3;org.hibernate.validator:hibernate-validator:6.1.6.Final;jakarta.validation:jakarta.validation-api:2.0.2;org.jboss.logging:jboss-logging:3.3.2.Final;com.fasterxml:classmate:1.3.4;org.bremersee:common-base-autoconfigure:2.3.0;org.bremersee:common-base:2.3.0;org.bremersee:common-model:2.2.0;org.bremersee:common-xml:2.2.0;javax.xml.bind:jaxb-api:2.3.1;javax.activation:javax.activation-api:1.2.0;org.glassfish.jaxb:jaxb-runtime:2.3.3;org.glassfish.jaxb:txw2:2.3.3;com.sun.istack:istack-commons-runtime:3.0.11;com.sun.activation:jakarta.activation:1.2.2;javax.validation:validation-api:2.0.1.Final;io.swagger.core.v3:swagger-annotations:2.1.6;com.fasterxml.jackson.core:jackson-annotations:2.11.3;com.fasterxml.jackson.dataformat:jackson-dataformat-xml:2.11.3;org.codehaus.woodstox:stax2-api:4.2.1;com.fasterxml.woodstox:woodstox-core:6.2.1;org.slf4j:slf4j-api:1.7.30;org.modelmapper:modelmapper:2.3.9;org.bremersee:common-base-webmvc:2.3.0;org.bremersee:common-base-web:2.3.0;org.springframework:spring-web:5.3.2;com.fasterxml.jackson.datatype:jackson-datatype-jdk8:2.11.3;com.fasterxml.jackson.core:jackson-core:2.11.3;com.fasterxml.jackson.core:jackson-databind:2.11.3;com.fasterxml.jackson.datatype:jackson-datatype-jsr310:2.11.3;com.fasterxml.jackson.module:jackson-module-jaxb-annotations:2.11.3;jakarta.xml.bind:jakarta.xml.bind-api:2.3.2;jakarta.activation:jakarta.activation-api:1.2.1;com.fasterxml.jackson.module:jackson-module-parameter-names:2.11.3;eu.maxschuster:dataurl:2.0.0;com.jayway.jsonpath:json-path:2.4.0;net.minidev:json-smart:2.3;net.minidev:accessors-smart:1.2;org.ow2.asm:asm:5.0.4;org.springframework:spring-webmvc:5.3.2;org.springframework:spring-aop:5.3.2;org.springframework:spring-beans:5.3.2;org.springframework:spring-context:5.3.2;org.springframework:spring-expression:5.3.2;javax.servlet:javax.servlet-api:4.0.1;org.springframework.boot:spring-boot-devtools:2.4.1
39,com.github.eugeniyk:api-counters_2.11:0.3.3,com.github.eugeniyk:api-counters_2.11:0.3.3;org.scala-lang:scala-library:2.11.12
40,net.officefloor.persistence:officejdbc_postgresql:3.28.2,net.officefloor.persistence:officejdbc_postgresql:3.28.2;net.officefloor.persistence:officejdbc:3.28.2;org.postgresql:postgresql:42.2.18;org.checkerframework:checker-qual:3.5.0;net.officefloor.core:officecompiler:3.28.2;net.officefloor.core:officeframe:3.28.2;net.officefloor.core:officexml:3.28.2;net.officefloor.core:officemodelgen:3.28.2;javax.annotation:javax.annotation-api:1.3.2
41,org.onosproject:onos-apps-gangliametrics:1.7.1,org.onosproject:onos-apps-gangliametrics:1.7.1;org.onosproject:onos-api:1.7.1;org.ow2.asm:asm:5.0.4;commons-collections:commons-collections:3.2.2;commons-configuration:commons-configuration:1.10;commons-io:commons-io:2.4;commons-lang:commons-lang:2.6;org.apache.commons:commons-lang3:3.4;commons-logging:commons-logging:1.1.1;commons-pool:commons-pool:1.6;info.ganglia.gmetric4j:gmetric4j:1.0.10;com.google.guava:guava:19.0;com.fasterxml.jackson.core:jackson-annotations:2.7.3;com.fasterxml.jackson.core:jackson-core:2.7.3;com.fasterxml.jackson.core:jackson-databind:2.7.3;javax.ws.rs:javax.ws.rs-api:2.0.1;org.glassfish.jersey.core:jersey-server:2.22.2;org.glassfish.jersey.core:jersey-common:2.22.2;org.glassfish.jersey.bundles.repackaged:jersey-guava:2.22.2;org.glassfish.hk2:osgi-resource-locator:1.0.1;org.glassfish.jersey.core:jersey-client:2.22.2;org.glassfish.jersey.media:jersey-media-jaxb:2.22.2;javax.annotation:javax.annotation-api:1.2;org.glassfish.hk2:hk2-api:2.4.0-b34;org.glassfish.hk2:hk2-utils:2.4.0-b34;org.glassfish.hk2.external:aopalliance-repackaged:2.4.0-b34;org.glassfish.hk2.external:javax.inject:2.4.0-b34;org.glassfish.hk2:hk2-locator:2.4.0-b34;org.javassist:javassist:3.18.1-GA;javax.validation:validation-api:1.1.0.Final;joda-time:joda-time:2.9.3;com.google.code.findbugs:jsr305:3.0.1;com.esotericsoftware:kryo:4.0.0;io.dropwizard.metrics:metrics-core:3.1.0;io.dropwizard.metrics:metrics-ganglia:3.1.2;io.dropwizard.metrics:metrics-json:3.1.0;com.eclipsesource.minimal-json:minimal-json:0.9.4;com.esotericsoftware:minlog:1.3.0;io.netty:netty:3.10.5.Final;io.netty:netty-common:4.0.40.Final;org.objenesis:objenesis:2.2;org.apache.felix:org.apache.felix.scr:1.8.2;org.codehaus.mojo:animal-sniffer-annotations:1.9;org.apache.felix:org.apache.felix.scr.annotations:1.9.12;org.apache.karaf.features:org.apache.karaf.features.core:3.0.5;org.apache.karaf.system:org.apache.karaf.system.core:3.0.5;org.osgi:org.osgi.compendium:5.0.0;org.osgi:org.osgi.core:5.0.0;com.esotericsoftware:reflectasm:1.11.0;org.acplt.remotetea:remotetea-oncrpc:1.1.3;org.slf4j:slf4j-api:1.7.21;org.onosproject:onlab-misc:1.7.1;org.onosproject:onlab-osgi:1.7.1;org.onosproject:onlab-rest:1.7.1
42,com.liferay.faces.demo:com.liferay.faces.demo.showcase.common:3.1.0,com.liferay.faces.demo:com.liferay.faces.demo.showcase.common:3.1.0;com.liferay.faces:com.liferay.faces.util:3.4.0
43,org.eclipse.dirigible:dirigible-template-application-dao:5.4.0,org.eclipse.dirigible:dirigible-template-application-dao:5.4.0;com.google.inject:guice:4.2.2;javax.inject:javax.inject:1;aopalliance:aopalliance:1.0;com.google.guava:guava:25.1-android;com.google.code.findbugs:jsr305:3.0.2;org.checkerframework:checker-compat-qual:2.0.0;com.google.errorprone:error_prone_annotations:2.1.3;com.google.j2objc:j2objc-annotations:1.1;org.codehaus.mojo:animal-sniffer-annotations:1.14;com.google.inject.extensions:guice-servlet:4.2.2;com.google.inject.extensions:guice-persist:4.2.2;org.apache.cxf:cxf-rt-frontend-jaxrs:3.3.4;org.apache.cxf:cxf-core:3.3.4;org.glassfish.jaxb:jaxb-runtime:2.3.2;org.glassfish.jaxb:txw2:2.3.2;com.sun.istack:istack-commons-runtime:3.0.8;com.sun.xml.fastinfoset:FastInfoset:1.2.16;com.fasterxml.woodstox:woodstox-core:5.0.3;org.codehaus.woodstox:stax2-api:3.1.4;org.apache.ws.xmlschema:xmlschema-core:2.2.4;jakarta.ws.rs:jakarta.ws.rs-api:2.1.5;javax.annotation:javax.annotation-api:1.3.2;org.apache.cxf:cxf-rt-transports-http:3.3.4;org.apache.cxf:cxf-rt-security:3.3.4;javax.xml.ws:jaxws-api:2.3.0;javax.xml.soap:javax.xml.soap-api:1.4.0;com.sun.activation:javax.activation:1.2.0;org.apache.geronimo.specs:geronimo-ws-metadata_2.0_spec:1.1.3;com.sun.xml.messaging.saaj:saaj-impl:1.4.0-b03;org.jvnet.mimepull:mimepull:1.9.7;org.jvnet.staxex:stax-ex:1.7.8;javax.activation:activation:1.1;org.jacorb:jacorb-omgapi:3.7;org.apache.geronimo.specs:geronimo-jta_1.1_spec:1.1.1;org.jboss.spec.javax.rmi:jboss-rmi-api_1.0_spec:1.0.6.Final;com.google.code.gson:gson:2.2.4;commons-io:commons-io:2.6;javax.annotation:jsr250-api:1.0;org.apache.commons:commons-lang3:3.9;org.apache.cxf:cxf-rt-rs-service-description-swagger:3.3.4;org.apache.cxf:cxf-rt-rs-service-description-common-openapi:3.3.4;org.apache.cxf:cxf-rt-rs-service-description-swagger-ui:3.3.4;io.swagger:swagger-jaxrs:1.5.24;com.fasterxml.jackson.core:jackson-databind:2.9.10;com.fasterxml.jackson.core:jackson-core:2.9.10;io.swagger:swagger-core:1.5.24;org.slf4j:slf4j-api:1.7.22;com.fasterxml.jackson.core:jackson-annotations:2.9.10;com.fasterxml.jackson.dataformat:jackson-dataformat-yaml:2.9.10;org.yaml:snakeyaml:1.23;io.swagger:swagger-models:1.5.24;io.swagger:swagger-annotations:1.5.24;javax.validation:validation-api:1.1.0.Final;org.reflections:reflections:0.9.11;org.javassist:javassist:3.21.0-GA;javax.xml.bind:jaxb-api:2.3.0;com.sun.xml.bind:jaxb-core:2.3.0;com.sun.xml.bind:jaxb-impl:2.3.0;jakarta.xml.ws:jakarta.xml.ws-api:2.3.3;jakarta.xml.bind:jakarta.xml.bind-api:2.3.3;jakarta.activation:jakarta.activation-api:1.2.2;jakarta.xml.soap:jakarta.xml.soap-api:1.4.2;jakarta.jws:jakarta.jws-api:2.1.0
44,com.softwaremill.sttp.tapir:tapir-sttp-client_2.12:0.17.0-M3,com.softwaremill.sttp.tapir:tapir-sttp-client_2.12:0.17.0-M3;org.scala-lang:scala-library:2.12.12;com.softwaremill.sttp.tapir:tapir-core_2.12:0.17.0-M3;com.propensive:magnolia_2.12:0.17.0;com.propensive:mercator_2.12:0.2.1;org.scala-lang:scala-reflect:2.12.12;com.softwaremill.sttp.model:core_2.12:1.2.0-RC4;com.softwaremill.sttp.shared:core_2.12:1.0.0-RC6;com.softwaremill.sttp.shared:ws_2.12:1.0.0-RC6;com.softwaremill.sttp.client3:core_2.12:3.0.0-RC5
45,com.github.jazng:jfunctional:0.0.1-RELEASE,com.github.jazng:jfunctional:0.0.1-RELEASE;org.springframework.boot:spring-boot-starter-web:2.4.3;org.springframework.boot:spring-boot-starter:2.4.3;org.springframework.boot:spring-boot:2.4.3;org.springframework.boot:spring-boot-autoconfigure:2.4.3;org.springframework.boot:spring-boot-starter-logging:2.4.3;ch.qos.logback:logback-classic:1.2.3;ch.qos.logback:logback-core:1.2.3;org.slf4j:slf4j-api:1.7.25;org.apache.logging.log4j:log4j-to-slf4j:2.13.3;org.apache.logging.log4j:log4j-api:2.13.3;org.slf4j:jul-to-slf4j:1.7.30;jakarta.annotation:jakarta.annotation-api:1.3.5;org.springframework:spring-core:5.3.4;org.springframework:spring-jcl:5.3.4;org.yaml:snakeyaml:1.27;org.springframework.boot:spring-boot-starter-json:2.4.3;com.fasterxml.jackson.core:jackson-databind:2.11.4;com.fasterxml.jackson.core:jackson-annotations:2.11.4;com.fasterxml.jackson.core:jackson-core:2.11.4;com.fasterxml.jackson.datatype:jackson-datatype-jdk8:2.11.4;com.fasterxml.jackson.datatype:jackson-datatype-jsr310:2.11.4;com.fasterxml.jackson.module:jackson-module-parameter-names:2.11.4;org.springframework.boot:spring-boot-starter-tomcat:2.4.3;org.apache.tomcat.embed:tomcat-embed-core:9.0.43;org.glassfish:jakarta.el:3.0.3;org.apache.tomcat.embed:tomcat-embed-websocket:9.0.43;org.springframework:spring-web:5.3.4;org.springframework:spring-beans:5.3.4;org.springframework:spring-webmvc:5.3.4;org.springframework:spring-aop:5.3.4;org.springframework:spring-context:5.3.4;org.springframework:spring-expression:5.3.4;org.projectlombok:lombok:1.18.18
46,com.hmsonline:dropwizard-spring:0.5.3,com.hmsonline:dropwizard-spring:0.5.3;com.yammer.dropwizard:dropwizard-core:0.6.2;com.sun.jersey:jersey-core:1.17.1;com.sun.jersey:jersey-server:1.17.1;asm:asm:3.1;com.sun.jersey:jersey-servlet:1.17.1;com.yammer.metrics:metrics-core:2.2.0;com.yammer.metrics:metrics-servlet:2.2.0;com.yammer.metrics:metrics-jetty:2.2.0;com.yammer.metrics:metrics-logback:2.2.0;com.yammer.metrics:metrics-jersey:2.2.0;com.yammer.metrics:metrics-annotation:2.2.0;com.fasterxml.jackson.core:jackson-databind:2.1.4;com.fasterxml.jackson.core:jackson-annotations:2.1.4;com.fasterxml.jackson.core:jackson-core:2.1.4;com.fasterxml.jackson.jaxrs:jackson-jaxrs-json-provider:2.1.4;com.fasterxml.jackson.module:jackson-module-jaxb-annotations:2.1.4;com.fasterxml.jackson.dataformat:jackson-dataformat-yaml:2.1.4;com.fasterxml.jackson.datatype:jackson-datatype-guava:2.1.2;net.sourceforge.argparse4j:argparse4j:0.4.0;org.slf4j:slf4j-api:1.7.4;org.slf4j:jul-to-slf4j:1.7.4;ch.qos.logback:logback-core:1.0.10;ch.qos.logback:logback-classic:1.0.10;org.slf4j:log4j-over-slf4j:1.7.4;org.eclipse.jetty:jetty-server:8.1.10.v20130312;org.eclipse.jetty.orbit:javax.servlet:3.0.0.v201112011016;org.eclipse.jetty:jetty-continuation:8.1.10.v20130312;org.eclipse.jetty:jetty-servlet:8.1.10.v20130312;org.eclipse.jetty:jetty-security:8.1.10.v20130312;org.eclipse.jetty:jetty-http:8.1.10.v20130312;org.eclipse.jetty:jetty-io:8.1.10.v20130312;org.eclipse.jetty:jetty-util:8.1.10.v20130312;com.google.guava:guava:14.0.1;com.google.code.findbugs:jsr305:2.0.1;org.hibernate:hibernate-validator:4.3.1.Final;javax.validation:validation-api:1.0.0.GA;org.jboss.logging:jboss-logging:3.1.0.CR2;joda-time:joda-time:2.2;com.fasterxml.jackson.datatype:jackson-datatype-joda:2.1.2;org.springframework:spring-context:3.2.4.RELEASE;org.springframework:spring-aop:3.2.4.RELEASE;org.springframework:spring-beans:3.2.4.RELEASE;org.springframework:spring-core:3.2.4.RELEASE;commons-logging:commons-logging:1.1.1;org.springframework:spring-expression:3.2.4.RELEASE;org.springframework:spring-web:3.2.4.RELEASE;aopalliance:aopalliance:1.0
47,online.sanen:mhdt-common:1.3.15,online.sanen:mhdt-common:1.3.15;javazoom:jlayer:1.0.1;org.freemarker:freemarker:2.3.28;com.alibaba:fastjson:1.1.43;org.fusesource.jansi:jansi:1.17
48,com.gitlab.cdc-java.util:cdc-util-graphs:0.7.0,com.gitlab.cdc-java.util:cdc-util-graphs:0.7.0;com.gitlab.cdc-java.util:cdc-util-core:0.7.0;org.apache.logging.log4j:log4j-api:2.14.0;org.apache.logging.log4j:log4j-core:2.14.0
49,org.infinispan:infinispan-component-processor:12.0.1.Final,org.infinispan:infinispan-component-processor:12.0.1.Final;org.infinispan:infinispan-component-annotations:12.0.1.Final
50,net.jmatrix:jproperties:1.0.5,net.jmatrix:jproperties:1.0.5;commons-logging:commons-logging-api:1.1;com.fasterxml.jackson.core:jackson-core:2.3.2;com.fasterxml.jackson.core:jackson-databind:2.3.2;com.fasterxml.jackson.core:jackson-annotations:2.3.0
51,org.bitbucket.askllc.fermenter.stout:stout-spring-authentication:2.1.5,org.bitbucket.askllc.fermenter.stout:stout-spring-authentication:2.1.5;org.bitbucket.askllc.fermenter.stout:stout-core:2.1.5;org.apache.commons:commons-lang3:3.4;org.apache.commons:commons-collections4:4.4;org.springframework.security:spring-security-core:4.2.4.RELEASE;aopalliance:aopalliance:1.0;org.springframework:spring-aop:4.3.12.RELEASE;org.springframework:spring-beans:4.3.12.RELEASE;org.springframework:spring-context:4.3.12.RELEASE;org.springframework:spring-core:4.3.12.RELEASE;org.springframework:spring-expression:4.3.12.RELEASE;org.springframework.security:spring-security-web:4.2.4.RELEASE;org.springframework:spring-web:4.3.12.RELEASE;org.springframework.security:spring-security-config:4.2.4.RELEASE;org.bitbucket.askllc.krausening:krausening:7;commons-io:commons-io:2.5;org.aeonbits.owner:owner:1.0.9;org.jasypt:jasypt:1.9.2;org.slf4j:slf4j-api:1.7.21;org.apache.logging.log4j:log4j-slf4j-impl:2.7;org.apache.logging.log4j:log4j-api:2.7;org.apache.logging.log4j:log4j-core:2.7;commons-logging:commons-logging:1.2
52,io.github.vigoo:zio-aws-pinpoint_2.12:3.16.14.2,io.github.vigoo:zio-aws-pinpoint_2.12:3.16.14.2;org.scala-lang:scala-library:2.12.12;io.github.vigoo:zio-aws-core_2.12:3.16.14.2;software.amazon.awssdk:aws-core:2.16.14;software.amazon.awssdk:profiles:2.16.14;org.slf4j:slf4j-api:1.7.28;software.amazon.eventstream:eventstream:1.0.1;dev.zio:zio_2.12:1.0.4-2;dev.zio:zio-stacktracer_2.12:1.0.4-2;dev.zio:izumi-reflect_2.12:1.0.0-M13;dev.zio:izumi-reflect-thirdparty-boopickle-shaded_2.12:1.0.0-M13;dev.zio:zio-streams_2.12:1.0.4-2;dev.zio:zio-interop-reactivestreams_2.12:1.3.0.7-2;org.reactivestreams:reactive-streams:1.0.3;dev.zio:zio-config_2.12:1.0.0;org.scala-lang.modules:scala-collection-compat_2.12:2.4.2;software.amazon.awssdk:pinpoint:2.16.14;software.amazon.awssdk:aws-json-protocol:2.16.14;com.fasterxml.jackson.core:jackson-core:2.12.1;software.amazon.awssdk:protocol-core:2.16.14;software.amazon.awssdk:sdk-core:2.16.14;com.fasterxml.jackson.core:jackson-databind:2.12.1;software.amazon.awssdk:auth:2.16.14;software.amazon.awssdk:http-client-spi:2.16.14;software.amazon.awssdk:regions:2.16.14;com.fasterxml.jackson.core:jackson-annotations:2.12.1;software.amazon.awssdk:annotations:2.16.14;software.amazon.awssdk:utils:2.16.14;software.amazon.awssdk:metrics-spi:2.16.14;software.amazon.awssdk:apache-client:2.16.14;org.apache.httpcomponents:httpclient:4.5.13;commons-logging:commons-logging:1.2;commons-codec:commons-codec:1.11;org.apache.httpcomponents:httpcore:4.4.11;software.amazon.awssdk:netty-nio-client:2.16.14;io.netty:netty-codec-http:4.1.59.Final;io.netty:netty-codec-http2:4.1.59.Final;io.netty:netty-codec:4.1.59.Final;io.netty:netty-transport:4.1.59.Final;io.netty:netty-resolver:4.1.59.Final;io.netty:netty-common:4.1.59.Final;io.netty:netty-buffer:4.1.59.Final;io.netty:netty-handler:4.1.59.Final;io.netty:netty-transport-native-epoll:4.1.59.Final;io.netty:netty-transport-native-unix-common:4.1.59.Final;com.typesafe.netty:netty-reactive-streams-http:2.0.4;com.typesafe.netty:netty-reactive-streams:2.0.4
53,org.springframework.statemachine:spring-statemachine-starter:2.4.0,org.springframework.statemachine:spring-statemachine-starter:2.4.0;org.springframework.statemachine:spring-statemachine-autoconfigure:2.4.0;org.springframework.statemachine:spring-statemachine-core:2.4.0;org.springframework:spring-tx:5.3.3;org.springframework:spring-beans:5.3.3;org.springframework:spring-messaging:5.3.3;org.springframework.boot:spring-boot-autoconfigure:2.4.2;org.springframework.boot:spring-boot-actuator-autoconfigure:2.4.2;com.fasterxml.jackson.core:jackson-databind:2.11.4;com.fasterxml.jackson.core:jackson-annotations:2.11.4;com.fasterxml.jackson.core:jackson-core:2.11.4;com.fasterxml.jackson.datatype:jackson-datatype-jsr310:2.11.4;org.springframework.boot:spring-boot-actuator:2.4.2;org.springframework.boot:spring-boot-starter:2.4.2;org.springframework.boot:spring-boot:2.4.2;org.springframework:spring-context:5.3.3;org.springframework:spring-aop:5.3.3;org.springframework:spring-expression:5.3.3;org.springframework.boot:spring-boot-starter-logging:2.4.2;ch.qos.logback:logback-classic:1.2.3;ch.qos.logback:logback-core:1.2.3;org.slf4j:slf4j-api:1.7.25;org.apache.logging.log4j:log4j-to-slf4j:2.13.3;org.apache.logging.log4j:log4j-api:2.13.3;org.slf4j:jul-to-slf4j:1.7.30;jakarta.annotation:jakarta.annotation-api:1.3.5;org.springframework:spring-core:5.3.3;org.springframework:spring-jcl:5.3.3;org.yaml:snakeyaml:1.27
54,com.tinkerpop:gremlin-driver:3.0.0.M3,com.tinkerpop:gremlin-driver:3.0.0.M3;com.tinkerpop:gremlin-core:3.0.0.M3;commons-configuration:commons-configuration:1.10;commons-lang:commons-lang:2.6;org.yaml:snakeyaml:1.13;org.javatuples:javatuples:1.2;com.esotericsoftware.kryo:kryo:2.23.0;com.esotericsoftware.minlog:minlog:1.2;org.objenesis:objenesis:2.1;com.carrotsearch:hppc:0.6.0;com.fasterxml.jackson.core:jackson-databind:2.3.0;com.fasterxml.jackson.core:jackson-annotations:2.3.0;com.fasterxml.jackson.core:jackson-core:2.3.0;com.jcabi:jcabi-manifests:1.0;com.jcabi:jcabi-log:0.14;org.slf4j:slf4j-log4j12:1.7.7;org.slf4j:slf4j-api:1.7.7;log4j:log4j:1.2.17;org.slf4j:jcl-over-slf4j:1.7.7;io.netty:netty-all:4.0.23.Final;org.codehaus.groovy:groovy-all:2.3.7;org.apache.commons:commons-lang3:3.3.1
55,org.scalatestplus:mockito-3-4_3.0.0-M3:3.2.3.0,org.scalatestplus:mockito-3-4_3.0.0-M3:3.2.3.0;org.scala-lang:scala3-library_3.0.0-M3:3.0.0-M3;org.scala-lang:scala-library:2.13.4;org.mockito:mockito-core:3.4.6;net.bytebuddy:byte-buddy:1.10.13;net.bytebuddy:byte-buddy-agent:1.10.13;org.objenesis:objenesis:2.6;org.scalatest:scalatest-core_3.0.0-M3:3.2.3;org.scalactic:scalactic_3.0.0-M3:3.2.3;org.scalatest:scalatest-compatible:3.2.3;org.scala-lang.modules:scala-xml_2.13:1.2.0
56,org.bremersee:bremersee-sms:1.0.2,org.bremersee:bremersee-sms:1.0.2;org.bremersee:bremersee-utils:1.0.3;commons-codec:commons-codec:1.10;commons-io:commons-io:2.4;org.apache.commons:commons-lang3:3.4;com.fasterxml.jackson.core:jackson-annotations:2.8.2;com.fasterxml.jackson.core:jackson-databind:2.8.2;com.fasterxml.jackson.core:jackson-core:2.8.2;org.slf4j:slf4j-api:1.7.21;io.swagger:swagger-annotations:1.5.9
57,com.hotels:circus-train-tool-core:16.3.0,com.hotels:circus-train-tool-core:16.3.0;com.hotels:circus-train-api:16.3.0;io.dropwizard.metrics:metrics-core:3.1.2;org.slf4j:slf4j-api:1.7.7;com.hotels:hcommon-hive-metastore:1.3.0;com.hotels:hcommon-ssh:1.0.1;net.java.dev.jna:jna:3.4.0;net.java.dev.jna:platform:3.4.0;com.google.guava:guava:17.0;com.hotels:circus-train-core:16.3.0;com.hotels:circus-train-comparator:16.3.0;com.hotels:circus-train-hive:16.3.0;org.antlr:antlr-runtime:3.4;org.antlr:stringtemplate:3.2.1;antlr:antlr:2.7.7;org.springframework:spring-beans:4.2.8.RELEASE;com.hotels:circus-train-avro:16.3.0;org.springframework:spring-test:4.2.8.RELEASE;org.springframework.retry:spring-retry:1.1.3.RELEASE;javax.el:javax.el-api:2.2.5;org.glassfish:javax.el:3.0.0;log4j:apache-log4j-extras:1.2.17;com.hotels:housekeeping:3.1.0;com.zaxxer:HikariCP-java7:2.4.13;org.hibernate:hibernate-entitymanager:4.3.11.Final;org.jboss.logging:jboss-logging-annotations:1.2.0.Beta1;org.hibernate:hibernate-core:4.3.11.Final;org.jboss:jandex:1.1.0.Final;dom4j:dom4j:1.6.1;xml-apis:xml-apis:1.0.b2;org.hibernate.common:hibernate-commons-annotations:4.0.5.Final;org.hibernate.javax.persistence:hibernate-jpa-2.1-api:1.0.0.Final;org.jboss.spec.javax.transaction:jboss-transaction-api_1.2_spec:1.0.0.Final;org.javassist:javassist:3.18.1-GA;org.hibernate:hibernate-envers:4.3.11.Final;com.hazelcast:hazelcast-hibernate4:3.5.5;com.hazelcast:hazelcast:3.5.5;com.h2database:h2:1.4.191;org.springframework.data:spring-data-jpa:1.9.4.RELEASE;org.springframework.data:spring-data-commons:1.11.4.RELEASE;org.springframework:spring-orm:4.1.9.RELEASE;org.springframework:spring-jdbc:4.1.9.RELEASE;org.springframework:spring-tx:4.1.9.RELEASE;org.aspectj:aspectjrt:1.8.7;com.github.ulisesbocchio:jasypt-spring-boot-starter:1.5-java7;com.github.ulisesbocchio:jasypt-spring-boot:1.5-java7;org.jasypt:jasypt:1.9.2;org.aspectj:aspectjweaver:1.8.8;org.yaml:snakeyaml:1.16;joda-time:joda-time:2.8.2;org.apache.commons:commons-lang3:3.3.2;org.springframework.boot:spring-boot-starter-log4j:1.3.8.RELEASE;org.slf4j:jcl-over-slf4j:1.7.21;org.slf4j:jul-to-slf4j:1.7.21;org.slf4j:slf4j-log4j12:1.7.21;log4j:log4j:1.2.17;org.springframework.boot:spring-boot:1.3.8.RELEASE;org.springframework:spring-core:4.2.8.RELEASE;commons-logging:commons-logging:1.2;org.springframework:spring-context:4.2.8.RELEASE;org.springframework:spring-aop:4.2.8.RELEASE;aopalliance:aopalliance:1.0;org.springframework:spring-expression:4.2.8.RELEASE;org.springframework.boot:spring-boot-autoconfigure:1.3.8.RELEASE;org.hibernate:hibernate-validator:5.2.4.Final;javax.validation:validation-api:1.1.0.Final;org.jboss.logging:jboss-logging:3.2.1.Final;com.fasterxml:classmate:1.1.0
58,org.redisson:redisson-mybatis:3.13.6,org.redisson:redisson-mybatis:3.13.6;org.redisson:redisson:3.13.6;io.netty:netty-common:4.1.52.Final;io.netty:netty-codec:4.1.52.Final;io.netty:netty-buffer:4.1.52.Final;io.netty:netty-transport:4.1.52.Final;io.netty:netty-resolver:4.1.52.Final;io.netty:netty-resolver-dns:4.1.52.Final;io.netty:netty-codec-dns:4.1.52.Final;io.netty:netty-handler:4.1.52.Final;javax.cache:cache-api:1.0.0;io.projectreactor:reactor-core:3.3.9.RELEASE;org.reactivestreams:reactive-streams:1.0.3;io.reactivex.rxjava2:rxjava:2.2.19;org.jboss.marshalling:jboss-marshalling-river:2.0.10.Final;org.jboss.marshalling:jboss-marshalling:2.0.10.Final;org.slf4j:slf4j-api:1.7.30;org.yaml:snakeyaml:1.27;com.fasterxml.jackson.dataformat:jackson-dataformat-yaml:2.11.1;com.fasterxml.jackson.core:jackson-core:2.11.1;com.fasterxml.jackson.core:jackson-databind:2.11.1;com.fasterxml.jackson.core:jackson-annotations:2.11.1;net.bytebuddy:byte-buddy:1.10.14;org.jodd:jodd-bean:5.1.6;org.jodd:jodd-core:5.1.6
59,com.activitystream:as-sdk:0.1.12,com.activitystream:as-sdk:0.1.12;org.slf4j:slf4j-api:1.7.22;org.slf4j:jcl-over-slf4j:1.7.22;org.slf4j:jul-to-slf4j:1.7.22;org.slf4j:log4j-over-slf4j:1.7.22;ch.qos.logback:logback-classic:1.1.10;ch.qos.logback:logback-core:1.1.10;ch.qos.logback:logback-access:1.1.10;net.logstash.logback:logstash-logback-encoder:4.5;com.fasterxml.jackson.core:jackson-databind:2.9.0.pr4;com.fasterxml.jackson.core:jackson-annotations:2.9.0.pr4;com.fasterxml.jackson.core:jackson-core:2.9.0.pr4;com.fasterxml.jackson.datatype:jackson-datatype-joda:2.9.0.pr4;joda-time:joda-time:2.7;joda-time:joda-time-hibernate:1.3;org.apache.avro:avro:1.8.2;org.codehaus.jackson:jackson-core-asl:1.9.13;org.codehaus.jackson:jackson-mapper-asl:1.9.13;com.thoughtworks.paranamer:paranamer:2.7;org.xerial.snappy:snappy-java:1.1.1.3;org.apache.commons:commons-compress:1.8.1;org.tukaani:xz:1.5;net.sf.opencsv:opencsv:2.3;com.google.guava:guava:18.0;commons-io:commons-io:2.5;org.apache.commons:commons-collections4:4.0;com.googlecode.libphonenumber:libphonenumber:8.4.0;org.testng:testng:6.9.9;junit:junit:4.10;org.hamcrest:hamcrest-core:1.1;com.beust:jcommander:1.48;org.apache.ant:ant:1.7.0;org.apache.ant:ant-launcher:1.7.0;org.yaml:snakeyaml:1.15;org.beanshell:bsh:2.0b4
60,com.simplyti.cloud:simple-server-di-guice:0.0.4-rc22,com.simplyti.cloud:simple-server-di-guice:0.0.4-rc22;com.simplyti.cloud:simple-server-core:0.0.4-rc22;com.simplyti.cloud:simple-server-commons-netty:0.0.4-rc22;com.simplyti.cloud:simple-server-serializer-dsljson:0.0.4-rc22;com.simplyti.cloud:simple-server-serializer-json:0.0.4-rc22;com.dslplatform:dsl-json-java8:1.9.3;com.dslplatform:dsl-json:1.9.3;jakarta.inject:jakarta.inject-api:1.0;com.google.re2j:re2j:1.3;io.netty:netty-tcnative-boringssl-static:2.0.36.Final;io.netty:netty-transport:4.1.60.Final;io.netty:netty-common:4.1.60.Final;io.netty:netty-buffer:4.1.60.Final;io.netty:netty-resolver:4.1.60.Final;io.netty:netty-transport-native-epoll:4.1.60.Final;io.netty:netty-transport-native-unix-common:4.1.60.Final;io.netty:netty-transport-native-kqueue:4.1.60.Final;io.netty:netty-handler:4.1.60.Final;io.netty:netty-codec:4.1.60.Final;io.netty:netty-codec-http:4.1.60.Final;com.google.guava:guava:28.1-jre;com.google.guava:failureaccess:1.0.1;com.google.guava:listenablefuture:9999.0-empty-to-avoid-conflict-with-guava;com.google.code.findbugs:jsr305:3.0.2;org.checkerframework:checker-qual:2.8.1;com.google.errorprone:error_prone_annotations:2.3.2;com.google.j2objc:j2objc-annotations:1.3;org.codehaus.mojo:animal-sniffer-annotations:1.18;com.fasterxml:classmate:1.5.0;jakarta.annotation:jakarta.annotation-api:1.3.5;jakarta.ws.rs:jakarta.ws.rs-api:2.1.6;jakarta.activation:jakarta.activation-api:1.2.1;com.simplyti.cloud:simple-server-serializer-dsljson-guice:0.0.4-rc22;com.google.inject:guice:4.2.2;javax.inject:javax.inject:1;aopalliance:aopalliance:1.0
61,com.github.yaoguoh:common-swagger:2.4.3,com.github.yaoguoh:common-swagger:2.4.3;org.springframework.boot:spring-boot-autoconfigure:2.4.3;org.springframework.boot:spring-boot:2.4.3;org.springframework:spring-core:5.3.4;org.springframework:spring-jcl:5.3.4;com.github.yaoguoh:common-util:2.4.3;org.springframework:spring-context:5.3.4;org.springframework:spring-aop:5.3.4;org.springframework:spring-beans:5.3.4;org.springframework:spring-expression:5.3.4;org.projectlombok:lombok:1.18.18;com.alibaba:fastjson:1.2.75;com.google.guava:guava:30.1-jre;com.google.guava:failureaccess:1.0.1;com.google.guava:listenablefuture:9999.0-empty-to-avoid-conflict-with-guava;com.google.code.findbugs:jsr305:3.0.2;org.checkerframework:checker-qual:3.5.0;com.google.errorprone:error_prone_annotations:2.3.4;com.google.j2objc:j2objc-annotations:1.3;commons-io:commons-io:2.8.0;org.apache.commons:commons-lang3:3.11;org.apache.commons:commons-collections4:4.4;cn.hutool:hutool-all:5.5.8;io.springfox:springfox-boot-starter:3.0.0;io.springfox:springfox-oas:3.0.0;io.swagger.core.v3:swagger-annotations:2.1.2;io.swagger.core.v3:swagger-models:2.1.2;com.fasterxml.jackson.core:jackson-annotations:2.10.1;io.springfox:springfox-spi:3.0.0;io.springfox:springfox-schema:3.0.0;io.springfox:springfox-core:3.0.0;net.bytebuddy:byte-buddy:1.10.11;io.springfox:springfox-spring-web:3.0.0;io.github.classgraph:classgraph:4.8.83;io.springfox:springfox-spring-webmvc:3.0.0;io.springfox:springfox-spring-webflux:3.0.0;io.springfox:springfox-swagger-common:3.0.0;org.mapstruct:mapstruct:1.3.1.Final;io.springfox:springfox-data-rest:3.0.0;io.springfox:springfox-bean-validators:3.0.0;io.springfox:springfox-swagger2:3.0.0;io.swagger:swagger-annotations:1.5.20;io.swagger:swagger-models:1.5.20;io.springfox:springfox-swagger-ui:3.0.0;com.fasterxml:classmate:1.5.1;org.slf4j:slf4j-api:1.7.25;org.springframework.plugin:spring-plugin-core:2.0.0.RELEASE;org.springframework.plugin:spring-plugin-metadata:2.0.0.RELEASE
62,org.overturetool.core:interpreter:3.0.2,org.overturetool.core:interpreter:3.0.2;org.overturetool.core:ast:3.0.2;org.overturetool.core:typechecker:3.0.2;org.overturetool.core:parser:3.0.2;org.overturetool.core:pog:3.0.2;com.google.code.gson:gson:2.2.4;org.overturetool.core.prettyprinting:prettyprinter:3.0.2;commons-io:commons-io:2.4;org.apache.commons:commons-collections4:4.1;org.overturetool.core:testframework:3.0.2;junit:junit:4.11;org.hamcrest:hamcrest-core:1.3
63,org.wso2.carbon.analytics:org.wso2.carbon.siddhi.extensions.installer.core:3.0.49,org.wso2.carbon.analytics:org.wso2.carbon.siddhi.extensions.installer.core:3.0.49;org.osgi:org.osgi.core:6.0.0;org.wso2.carbon:org.wso2.carbon.core:5.2.13;org.wso2.carbon.config:org.wso2.carbon.config:2.1.0;org.wso2.carbon.secvault:org.wso2.carbon.secvault:5.0.8;org.wso2.eclipse.osgi:org.eclipse.osgi.services:3.4.0.v20140312-2051;org.slf4j:slf4j-api:1.7.12;org.slf4j:slf4j-log4j12:1.7.12;log4j:log4j:1.2.17;org.wso2.msf4j:msf4j-core:2.7.7;org.wso2.carbon.messaging:org.wso2.carbon.messaging:3.0.2;org.wso2.carbon:org.wso2.carbon.launcher:5.2.0;org.wso2.transport.http:org.wso2.transport.http.netty:6.1.9;io.netty:netty-common:4.1.34.Final;io.netty:netty-buffer:4.1.34.Final;io.netty:netty-transport:4.1.34.Final;io.netty:netty-handler:4.1.34.Final;io.netty:netty-codec:4.1.34.Final;io.netty:netty-codec-http:4.1.34.Final;io.netty:netty-handler-proxy:4.1.34.Final;io.netty:netty-codec-socks:4.1.34.Final;io.netty:netty-codec-http2:4.1.34.Final;io.netty:netty-resolver:4.1.34.Final;commons-pool.wso2:commons-pool:1.5.6.wso2v1;commons-pool:commons-pool:1.5.6;org.bouncycastle:bcprov-jdk15on:1.61;org.bouncycastle:bcpkix-jdk15on:1.61;io.netty:netty-tcnative-boringssl-static:2.0.22.Final;org.wso2.eclipse.osgi:org.eclipse.osgi:3.10.2.v20150203-1939;javax.ws.rs:javax.ws.rs-api:2.0;org.wso2.msf4j:jaxrs-delegates:2.7.7;org.apache.httpcomponents:httpclient:4.5.2;org.apache.httpcomponents:httpcore:4.4.4;commons-codec:commons-codec:1.9;com.google.code.gson:gson:2.2.4;com.google.code.findbugs:jsr305:2.0.1;org.apache.servicemix.bundles:org.apache.servicemix.bundles.commons-beanutils:1.8.3_2;commons-logging:commons-logging:1.1.1;com.nimbusds:nimbus-jose-jwt:2.25;net.jcip:jcip-annotations:1.0;net.minidev:json-smart:1.1.1;org.yaml:snakeyaml:1.23;javax.websocket:javax.websocket-api:1.1;org.wso2.carbon.utils:org.wso2.carbon.utils:2.0.8;commons-io.wso2:commons-io:2.4.0.wso2v1;org.wso2.carbon.analytics:org.wso2.carbon.streaming.integrator.common:3.0.49;org.json.wso2:json:3.0.0.wso2v1;org.json:json:20140107;org.wso2.orbit.org.antlr:antlr4-runtime:4.7.2.wso2v1;io.siddhi:siddhi-query-api:5.1.16;io.siddhi:siddhi-core:5.1.16;org.slf4j:slf4j-simple:1.7.12;org.wso2.orbit.com.lmax:disruptor:3.4.2.wso2v1;com.google.guava:guava:23.0;com.google.errorprone:error_prone_annotations:2.0.18;com.google.j2objc:j2objc-annotations:1.1;org.codehaus.mojo:animal-sniffer-annotations:1.14;org.quartz-scheduler.wso2:quartz:2.1.1.wso2v1;org.quartz-scheduler:quartz:2.1.1;c3p0:c3p0:0.9.1.1;io.dropwizard.metrics:metrics-core:3.1.0;com.jayway.jsonpath:json-path:2.4.0;org.eclipse.osgi:org.eclipse.osgi.services:3.3.100.v20130513-1956;io.siddhi:siddhi-query-compiler:5.1.16;org.mvel:mvel2:2.4.5.Final;org.antlr:antlr4-runtime:4.7.2;io.siddhi:siddhi-annotations:5.1.16;org.atteo.classindex:classindex:3.9
64,com.intel.analytics.bigdl:dist-spark-3.0.0-scala-2.12.10-all:0.12.1,com.intel.analytics.bigdl:dist-spark-3.0.0-scala-2.12.10-all:0.12.1;org.spark-project.spark:unused:1.0.0
65,com.tethys-json:tethys-json4s_2.12:0.22.0,com.tethys-json:tethys-json4s_2.12:0.22.0;org.scala-lang:scala-library:2.12.13;com.tethys-json:tethys-core_2.12:0.22.0;org.json4s:json4s-core_2.12:3.6.10;org.json4s:json4s-ast_2.12:3.6.10;org.json4s:json4s-scalap_2.12:3.6.10;com.thoughtworks.paranamer:paranamer:2.8
66,com.aspectran:aspectran-embed:6.9.6,com.aspectran:aspectran-embed:6.9.6;com.aspectran:aspectran-core:6.9.6;com.google.code.findbugs:jsr305:3.0.2;org.javassist:javassist:3.27.0-GA;org.quartz-scheduler:quartz:2.3.2;com.mchange:c3p0:0.9.5.4;com.mchange:mchange-commons-java:0.2.15;com.zaxxer:HikariCP-java7:2.4.13;org.slf4j:slf4j-api:1.7.7;org.jasypt:jasypt:1.9.3;ognl:ognl:3.2.15;net.java.dev.jna:jna:5.6.0
67,com.github.scalaprops:scalaprops-shapeless_2.13:0.4.0,com.github.scalaprops:scalaprops-shapeless_2.13:0.4.0;org.scala-lang:scala-library:2.13.4;com.chuusai:shapeless_2.13:2.3.3;com.github.scalaprops:scalaprops-core_2.13:0.8.2;com.github.scalaprops:scalaprops-gen_2.13:0.8.2
68,com.j2mvc:j2mvc-framework-app:2.1.11,com.j2mvc:j2mvc-framework-app:2.1.11;commons-pool:commons-pool:1.6
69,org.xwiki.commons:xwiki-commons-text:12.10,org.xwiki.commons:xwiki-commons-text:12.10;org.apache.commons:commons-lang3:3.11;org.xwiki.commons:xwiki-commons-stability:12.10
70,io.buoyant:namerd-iface-interpreter-thrift_2.12:1.3.4,io.buoyant:namerd-iface-interpreter-thrift_2.12:1.3.4;org.scala-lang:scala-library:2.12.1;io.buoyant:namerd-core_2.12:1.3.4;io.buoyant:admin_2.12:1.3.4;com.twitter:twitter-server_2.12:1.32.0;com.twitter:finagle-http_2.12:7.1.0;com.twitter:finagle-base-http_2.12:7.1.0;com.twitter:finagle-netty3_2.12:7.1.0;io.netty:netty:3.10.1.Final;com.twitter:finagle-netty3-http_2.12:7.1.0;com.twitter:finagle-netty4-http_2.12:7.1.0;com.twitter:finagle-http2_2.12:7.1.0;io.netty:netty-codec-http2:4.1.14.Final;com.twitter:util-collection_2.12:7.1.0;com.twitter:finagle-tunable_2.12:7.1.0;com.twitter:finagle-zipkin-core_2.12:7.1.0;com.twitter:finagle-stats_2.12:7.1.0;io.buoyant:config_2.12:1.3.4;io.buoyant:finagle-buoyant_2.12:1.3.4;com.fasterxml.jackson.core:jackson-core:2.8.4;com.fasterxml.jackson.core:jackson-annotations:2.8.4;com.fasterxml.jackson.core:jackson-databind:2.8.4;com.fasterxml.jackson.module:jackson-module-scala_2.12:2.8.4;com.fasterxml.jackson.module:jackson-module-paranamer:2.8.4;com.thoughtworks.paranamer:paranamer:2.8;com.fasterxml.jackson.dataformat:jackson-dataformat-yaml:2.8.4;org.yaml:snakeyaml:1.15;io.buoyant:namer-core_2.12:1.3.4;io.buoyant:telemetry-core_2.12:1.3.4;io.buoyant:telemetry-admin-metrics-export_2.12:1.3.4;io.buoyant:namerd-iface-interpreter-thrift-idl_2.12:1.3.4;com.google.guava:guava:23.0;com.google.code.findbugs:jsr305:1.3.9;com.google.errorprone:error_prone_annotations:2.0.18;com.google.j2objc:j2objc-annotations:1.1;org.codehaus.mojo:animal-sniffer-annotations:1.14;com.twitter:finagle-thrift_2.12:7.1.0;com.twitter:finagle-core_2.12:7.1.0;com.twitter:finagle-init_2.12:7.1.0;com.twitter:util-app_2.12:7.1.0;com.twitter:util-cache_2.12:7.1.0;com.twitter:util-codec_2.12:7.1.0;com.twitter:util-hashing_2.12:7.1.0;com.twitter:util-jvm_2.12:7.1.0;com.twitter:util-lint_2.12:7.1.0;com.twitter:util-registry_2.12:7.1.0;com.twitter:util-security_2.12:7.1.0;com.twitter:util-tunable_2.12:7.1.0;com.github.ben-manes.caffeine:caffeine:2.3.4;com.twitter:finagle-netty4_2.12:7.1.0;io.netty:netty-handler:4.1.14.Final;io.netty:netty-buffer:4.1.14.Final;io.netty:netty-codec:4.1.14.Final;io.netty:netty-transport:4.1.14.Final;io.netty:netty-resolver:4.1.14.Final;io.netty:netty-transport-native-epoll:4.1.14.Final;io.netty:netty-common:4.1.14.Final;io.netty:netty-transport-native-unix-common:4.1.14.Final;io.netty:netty-handler-proxy:4.1.14.Final;io.netty:netty-codec-socks:4.1.14.Final;io.netty:netty-codec-http:4.1.14.Final;com.twitter:finagle-toggle_2.12:7.1.0;com.twitter:libthrift:0.5.0-7;org.slf4j:slf4j-api:1.7.7;javax.servlet:servlet-api:2.5;com.twitter:scrooge-core_2.12:4.20.0;com.twitter:finagle-thriftmux_2.12:7.1.0;com.twitter:finagle-mux_2.12:7.1.0;com.twitter:finagle-exp_2.12:7.1.0;commons-lang:commons-lang:2.6;com.twitter:util-core_2.12:7.1.0;com.twitter:util-function_2.12:7.1.0;org.scala-lang:scala-reflect:2.12.1;org.scala-lang.modules:scala-parser-combinators_2.12:1.0.4;com.twitter:util-logging_2.12:7.1.0;com.twitter:util-stats_2.12:7.1.0
71,com.gitee.summer9102:develop-spring-boot-common:1.1.0,com.gitee.summer9102:develop-spring-boot-common:1.1.0;com.alibaba:fastjson:1.2.60;org.apache.httpcomponents:httpmime:4.5.10;org.apache.httpcomponents:httpclient:4.5.10;org.apache.httpcomponents:httpcore:4.4.12;commons-logging:commons-logging:1.2;commons-codec:commons-codec:1.11;com.aliyun.oss:aliyun-sdk-oss:3.8.0;org.jdom:jdom:1.1;org.codehaus.jettison:jettison:1.1;stax:stax-api:1.0.1;com.aliyun:aliyun-java-sdk-core:3.4.0;com.aliyun:aliyun-java-sdk-ram:3.0.0;com.aliyun:aliyun-java-sdk-sts:3.0.0;com.aliyun:aliyun-java-sdk-ecs:4.2.0;com.aliyun:aliyun-java-sdk-cdn:3.0.8
72,io.gatling:gatling-http-client:3.4.1,io.gatling:gatling-http-client:3.4.1;org.scala-lang:scala-library:2.12.12;io.gatling:gatling-netty-util:3.4.1;io.netty:netty-codec-http:4.1.51.Final;io.netty:netty-common:4.1.51.Final;io.netty:netty-transport:4.1.51.Final;io.netty:netty-codec:4.1.51.Final;io.netty:netty-buffer:4.1.51.Final;io.netty:netty-handler:4.1.51.Final;io.netty:netty-resolver:4.1.51.Final;io.netty:netty-handler-proxy:4.1.51.Final;io.netty:netty-codec-socks:4.1.51.Final;io.netty:netty-resolver-dns:4.1.51.Final;io.netty:netty-codec-dns:4.1.51.Final;io.netty:netty-transport-native-epoll:4.1.51.Final;io.netty:netty-transport-native-unix-common:4.1.51.Final;io.netty:netty-codec-http2:4.1.51.Final;io.netty:netty-tcnative-boringssl-static:2.0.34.Final;org.slf4j:slf4j-api:1.7.30;com.typesafe.scala-logging:scala-logging_2.12:3.9.2;org.scala-lang:scala-reflect:2.12.7;ch.qos.logback:logback-classic:1.2.3;ch.qos.logback:logback-core:1.2.3
73,org.apache.camel.kafkaconnector:camel-kubernetes-pods-kafka-connector:0.8.0,org.apache.camel.kafkaconnector:camel-kubernetes-pods-kafka-connector:0.8.0;org.apache.camel:camel-kubernetes:3.8.0;org.apache.camel:camel-support:3.8.0;org.apache.camel:camel-api:3.8.0;org.apache.camel:camel-management-api:3.8.0;org.apache.camel:camel-util:3.8.0;org.slf4j:slf4j-api:1.7.30;org.apache.camel:camel-cloud:3.8.0;org.apache.camel:camel-core-model:3.8.0;org.apache.camel:camel-core-processor:3.8.0;org.apache.camel:camel-cluster:3.8.0;org.apache.camel:camel-base-engine:3.8.0;org.apache.camel:camel-util-json:3.8.0;io.fabric8:kubernetes-client:5.0.2;io.fabric8:kubernetes-model-core:5.0.2;io.fabric8:kubernetes-model-common:5.0.2;io.fabric8:kubernetes-model-rbac:5.0.2;io.fabric8:kubernetes-model-admissionregistration:5.0.2;io.fabric8:kubernetes-model-apps:5.0.2;io.fabric8:kubernetes-model-autoscaling:5.0.2;io.fabric8:kubernetes-model-apiextensions:5.0.2;io.fabric8:kubernetes-model-batch:5.0.2;io.fabric8:kubernetes-model-certificates:5.0.2;io.fabric8:kubernetes-model-coordination:5.0.2;io.fabric8:kubernetes-model-discovery:5.0.2;io.fabric8:kubernetes-model-events:5.0.2;io.fabric8:kubernetes-model-extensions:5.0.2;io.fabric8:kubernetes-model-networking:5.0.2;io.fabric8:kubernetes-model-metrics:5.0.2;io.fabric8:kubernetes-model-policy:5.0.2;io.fabric8:kubernetes-model-scheduling:5.0.2;io.fabric8:kubernetes-model-settings:5.0.2;io.fabric8:kubernetes-model-storageclass:5.0.2;io.fabric8:kubernetes-model-node:5.0.2;com.squareup.okhttp3:okhttp:3.12.12;com.squareup.okio:okio:1.15.0;com.squareup.okhttp3:logging-interceptor:3.12.12;com.fasterxml.jackson.dataformat:jackson-dataformat-yaml:2.11.2;org.yaml:snakeyaml:1.26;com.fasterxml.jackson.datatype:jackson-datatype-jsr310:2.11.2;com.fasterxml.jackson.core:jackson-core:2.11.2;io.fabric8:zjsonpatch:0.3.0;com.github.mifmif:generex:1.0.2;dk.brics.automaton:automaton:1.11-8;io.fabric8:openshift-client:5.0.2;io.fabric8:openshift-model:5.0.2;io.fabric8:openshift-model-operator:5.0.2;io.fabric8:openshift-model-operatorhub:5.0.2;io.fabric8:openshift-model-monitoring:5.0.2;io.fabric8:openshift-model-console:5.0.2;org.apache.camel.kafkaconnector:camel-kafka-connector:0.8.0;org.apache.camel:camel-core-engine:3.8.0;org.apache.camel:camel-core-reifier:3.8.0;org.apache.camel:camel-main:3.8.0;org.apache.camel:camel-base:3.8.0;org.apache.camel:camel-direct:3.8.0;org.apache.camel:camel-kafka:3.8.0;org.apache.kafka:kafka-clients:2.7.0;com.github.luben:zstd-jni:1.4.5-6;org.lz4:lz4-java:1.7.1;org.xerial.snappy:snappy-java:1.1.7.7;org.apache.camel:camel-core-languages:3.8.0;io.apicurio:apicurio-registry-utils-converter:1.3.2.Final;io.apicurio:apicurio-registry-utils-serde:1.3.2.Final;io.apicurio:apicurio-registry-rest-client:1.3.2.Final;io.apicurio:apicurio-registry-common:1.3.2.Final;org.jboss.spec.javax.ws.rs:jboss-jaxrs-api_2.1_spec:2.0.1.Final;com.squareup.retrofit2:retrofit:2.9.0;com.squareup.retrofit2:converter-jackson:2.9.0;com.google.protobuf:protobuf-java:3.13.0;com.worldturner.medeia:medeia-validator-jackson:1.1.1;com.worldturner.medeia:medeia-validator-core:1.1.1;org.jetbrains.kotlin:kotlin-reflect:1.3.20;org.jetbrains.kotlin:kotlin-stdlib:1.3.20;org.jetbrains.kotlin:kotlin-stdlib-common:1.3.20;org.jetbrains:annotations:13.0;org.apache.kafka:connect-api:2.6.0;javax.ws.rs:javax.ws.rs-api:2.1.1;org.apache.kafka:connect-json:2.6.0;com.fasterxml.jackson.datatype:jackson-datatype-jdk8:2.10.2;com.fasterxml.jackson.dataformat:jackson-dataformat-avro:2.11.4;com.fasterxml.jackson.core:jackson-annotations:2.11.4;org.apache.avro:avro:1.8.2;org.codehaus.jackson:jackson-core-asl:1.9.13;org.codehaus.jackson:jackson-mapper-asl:1.9.13;com.thoughtworks.paranamer:paranamer:2.7;org.apache.commons:commons-compress:1.8.1;org.tukaani:xz:1.5;org.apache.camel:camel-jackson:3.8.0;com.fasterxml.jackson.core:jackson-databind:2.11.4;javax.annotation:javax.annotation-api:1.3.2
74,org.apache.camel.quarkus:camel-quarkus-aws-sqs-deployment:1.3.0,org.apache.camel.quarkus:camel-quarkus-aws-sqs-deployment:1.3.0;org.apache.camel.quarkus:camel-quarkus-core-deployment:1.3.0;io.quarkus:quarkus-core-deployment:1.9.0.Final;org.wildfly.common:wildfly-common:1.5.4.Final-format-001;io.quarkus.gizmo:gizmo:1.0.4.Final;org.ow2.asm:asm-util:8.0.1;org.ow2.asm:asm-tree:8.0.1;org.ow2.asm:asm-analysis:8.0.1;org.jboss:jandex:2.2.1.Final;org.ow2.asm:asm:8.0.1;io.quarkus:quarkus-development-mode-spi:1.9.0.Final;io.quarkus:quarkus-bootstrap-core:1.9.0.Final;io.quarkus:quarkus-bootstrap-app-model:1.9.0.Final;io.quarkus:quarkus-bootstrap-maven-resolver:1.9.0.Final;org.apache.maven:maven-embedder:3.6.3;org.apache.maven:maven-settings:3.6.3;org.apache.maven:maven-core:3.6.3;org.apache.maven:maven-artifact:3.6.3;org.codehaus.plexus:plexus-component-annotations:2.1.0;org.apache.maven:maven-plugin-api:3.6.3;org.apache.maven:maven-model:3.6.3;org.apache.maven:maven-model-builder:3.6.3;org.apache.maven:maven-builder-support:3.6.3;org.apache.maven.resolver:maven-resolver-api:1.4.1;org.apache.maven.resolver:maven-resolver-util:1.4.1;org.apache.maven.shared:maven-shared-utils:3.2.1;commons-io:commons-io:2.5;com.google.inject:guice:4.2.1;com.google.guava:guava:25.1-android;org.codehaus.plexus:plexus-utils:3.2.1;org.codehaus.plexus:plexus-classworlds:2.6.0;commons-cli:commons-cli:1.4;org.apache.commons:commons-lang3:3.8.1;org.eclipse.sisu:org.eclipse.sisu.plexus:0.3.4;org.apache.maven:maven-settings-builder:3.6.3;org.codehaus.plexus:plexus-interpolation:1.25;org.sonatype.plexus:plexus-sec-dispatcher:1.4;org.sonatype.plexus:plexus-cipher:1.4;org.apache.maven:maven-resolver-provider:3.6.3;org.apache.maven:maven-repository-metadata:3.6.3;org.apache.maven.resolver:maven-resolver-spi:1.4.1;org.apache.maven.resolver:maven-resolver-impl:1.4.1;org.apache.maven.resolver:maven-resolver-connector-basic:1.4.1;org.apache.maven.resolver:maven-resolver-transport-wagon:1.4.1;org.apache.maven.wagon:wagon-http:3.3.4;org.apache.maven.wagon:wagon-http-shared:3.3.4;org.jsoup:jsoup:1.12.1;org.apache.httpcomponents:httpcore:4.4.11;org.apache.maven.wagon:wagon-provider-api:3.3.4;org.apache.maven.wagon:wagon-file:3.3.4;io.quarkus:quarkus-bootstrap-gradle-resolver:1.9.0.Final;io.smallrye.common:smallrye-common-io:1.4.0;io.quarkus:quarkus-devtools-utilities:1.9.0.Final;org.eclipse.sisu:org.eclipse.sisu.inject:0.3.4;io.quarkus:quarkus-core:1.9.0.Final;jakarta.annotation:jakarta.annotation-api:1.3.5;jakarta.enterprise:jakarta.enterprise.cdi-api:2.0.2;jakarta.el:jakarta.el-api:3.0.3;jakarta.interceptor:jakarta.interceptor-api:1.2.5;jakarta.ejb:jakarta.ejb-api:3.2.6;jakarta.inject:jakarta.inject-api:1.0;io.quarkus:quarkus-ide-launcher:1.9.0.Final;io.smallrye.config:smallrye-config:1.9.1;io.smallrye.common:smallrye-common-annotation:1.4.0;io.smallrye.config:smallrye-config-common:1.9.1;io.smallrye.common:smallrye-common-expression:1.4.0;io.smallrye.common:smallrye-common-function:1.4.0;io.smallrye.common:smallrye-common-constraint:1.4.0;io.smallrye.common:smallrye-common-classloader:1.4.0;org.jboss.logging:jboss-logging:3.4.1.Final;org.jboss.logmanager:jboss-logmanager-embedded:1.0.5;org.jboss.logging:jboss-logging-annotations:2.1.0.Final;org.jboss.threads:jboss-threads:3.1.1.Final;org.slf4j:slf4j-api:1.7.30;org.jboss.slf4j:slf4j-jboss-logging:1.2.0.Final;io.quarkus:quarkus-bootstrap-runner:1.9.0.Final;io.quarkus:quarkus-builder:1.9.0.Final;org.graalvm.sdk:graal-sdk:20.2.0;io.quarkus:quarkus-arc-deployment:1.9.0.Final;io.quarkus:quarkus-arc:1.9.0.Final;io.quarkus.arc:arc:1.9.0.Final;jakarta.transaction:jakarta.transaction-api:1.3.3;org.eclipse.microprofile.context-propagation:microprofile-context-propagation-api:1.0.1;io.quarkus.arc:arc-processor:1.9.0.Final;org.apache.camel.quarkus:camel-quarkus-support-common-deployment:1.3.0;org.apache.camel.quarkus:camel-quarkus-support-common:1.3.0;org.apache.camel.quarkus:camel-quarkus-core:1.3.0;org.apache.camel:camel-core-engine:3.6.0;org.apache.camel:camel-api:3.6.0;org.apache.camel:camel-management-api:3.6.0;org.apache.camel:camel-util:3.6.0;org.apache.camel:camel-base:3.6.0;org.apache.camel:camel-core-languages:3.6.0;org.apache.camel:camel-endpointdsl:3.6.0;org.apache.camel:camel-componentdsl:3.6.0;org.apache.camel:camel-core-catalog:3.6.0;org.apache.camel:camel-tooling-model:3.6.0;org.apache.camel:camel-util-json:3.6.0;org.apache.camel:camel-microprofile-config:3.6.0;org.eclipse.microprofile.config:microprofile-config-api:1.4;org.apache.camel.quarkus:camel-quarkus-support-xml-deployment:1.3.0;org.apache.camel.quarkus:camel-quarkus-support-xml:1.3.0;org.apache.camel.quarkus:camel-quarkus-support-commons-logging-deployment:1.3.0;org.apache.camel.quarkus:camel-quarkus-support-commons-logging:1.3.0;org.jboss.logging:commons-logging-jboss-logging:1.0.0.Final;org.apache.camel.quarkus:camel-quarkus-support-aws-deployment:1.3.0;io.quarkus:quarkus-jackson-deployment:1.9.0.Final;io.quarkus:quarkus-jackson-spi:1.9.0.Final;io.quarkus:quarkus-jackson:1.9.0.Final;com.fasterxml.jackson.core:jackson-databind:2.11.3;com.fasterxml.jackson.core:jackson-annotations:2.11.3;com.fasterxml.jackson.datatype:jackson-datatype-jsr310:2.11.3;com.fasterxml.jackson.datatype:jackson-datatype-jdk8:2.11.3;com.fasterxml.jackson.module:jackson-module-parameter-names:2.11.3;io.quarkus:quarkus-jaxb-deployment:1.9.0.Final;io.quarkus:quarkus-jaxp-deployment:1.9.0.Final;io.quarkus:quarkus-jaxp:1.9.0.Final;io.quarkus:quarkus-jaxb:1.9.0.Final;org.glassfish.jaxb:jaxb-runtime:2.3.3-b02;org.glassfish.jaxb:txw2:2.3.3-b02;com.sun.istack:istack-commons-runtime:3.0.10;com.sun.activation:jakarta.activation:1.2.1;org.jboss.spec.javax.xml.bind:jboss-jaxb-api_2.3_spec:2.0.0.Final;org.apache.camel.quarkus:camel-quarkus-support-aws:1.3.0;com.fasterxml.jackson.dataformat:jackson-dataformat-cbor:2.11.3;com.fasterxml.jackson.core:jackson-core:2.11.3;org.apache.camel.quarkus:camel-quarkus-aws-sqs:1.3.0;org.apache.camel:camel-aws-sqs:3.6.0;org.apache.camel:camel-support:3.6.0;com.amazonaws:aws-java-sdk-sqs:1.11.714;com.amazonaws:aws-java-sdk-core:1.11.714;org.apache.httpcomponents:httpclient:4.5.9;commons-codec:commons-codec:1.11;software.amazon.ion:ion-java:1.0.2;joda-time:joda-time:2.8.1;com.amazonaws:jmespath-java:1.11.714
75,de.adorsys.psd2.sandbox:oba-rest-api:5.4,de.adorsys.psd2.sandbox:oba-rest-api:5.4;de.adorsys.psd2.sandbox:oba-service-api:5.4;de.adorsys.ledgers:ledgers-middleware-service-api:4.4;com.fasterxml.jackson.datatype:jackson-datatype-jsr310:2.9.10;org.apache.commons:commons-lang3:3.10;org.apache.commons:commons-collections4:4.3;de.adorsys.psd2:consent-core-api:9.5;de.adorsys.psd2:xs2a-core:9.5;de.adorsys.psd2:xs2a-core-consents:9.5;de.adorsys.psd2:xs2a-object-mapper:9.5;com.fasterxml.jackson.dataformat:jackson-dataformat-xml:2.10.1;com.fasterxml.jackson.module:jackson-module-jaxb-annotations:2.10.1;jakarta.xml.bind:jakarta.xml.bind-api:2.3.2;jakarta.activation:jakarta.activation-api:1.2.1;org.codehaus.woodstox:stax2-api:4.2;com.fasterxml.woodstox:woodstox-core:6.0.2;com.fasterxml.jackson.datatype:jackson-datatype-jdk8:2.10.1;com.fasterxml.jackson.module:jackson-module-parameter-names:2.10.1;javax.xml.bind:jaxb-api:2.3.0;org.springframework:spring-context:5.2.3.RELEASE;org.projectlombok:lombok:1.18.4;de.adorsys.ledgers:ledgers-utils:4.4;org.springframework.security:spring-security-core:5.2.7.RELEASE;org.springframework:spring-aop:5.2.9.RELEASE;org.springframework:spring-expression:5.2.9.RELEASE;com.google.guava:guava:29.0-jre;com.google.guava:failureaccess:1.0.1;com.google.guava:listenablefuture:9999.0-empty-to-avoid-conflict-with-guava;com.google.code.findbugs:jsr305:3.0.2;org.checkerframework:checker-qual:2.11.1;com.google.errorprone:error_prone_annotations:2.3.4;com.google.j2objc:j2objc-annotations:1.3;org.jasypt:jasypt:1.9.3;de.adorsys.ledgers:ledgers-middleware-rest-api:4.4;de.adorsys.ledgers:ledgers-security:4.4;org.springdoc:springdoc-openapi-ui:1.4.3;org.springdoc:springdoc-openapi-webmvc-core:1.4.3;org.springdoc:springdoc-openapi-common:1.4.3;io.swagger.core.v3:swagger-models:2.1.3;io.swagger.core.v3:swagger-annotations:2.1.3;io.swagger.core.v3:swagger-integration:2.1.3;io.swagger.core.v3:swagger-core:2.1.3;com.fasterxml.jackson.dataformat:jackson-dataformat-yaml:2.11.1;jakarta.validation:jakarta.validation-api:2.0.2;io.github.classgraph:classgraph:4.8.69;org.springframework:spring-webmvc:5.2.6.RELEASE;org.webjars:swagger-ui:3.28.0;org.webjars:webjars-locator-core:0.45;org.slf4j:slf4j-api:1.7.25;org.jetbrains:annotations:15.0;de.adorsys.psd2:consent-psu-api:9.5;org.springframework:spring-web:5.2.3.RELEASE;org.springframework:spring-beans:5.2.3.RELEASE;org.springframework:spring-core:5.2.3.RELEASE;org.springframework:spring-jcl:5.2.3.RELEASE;io.swagger:swagger-annotations:1.5.20;org.springframework.cloud:spring-cloud-starter-openfeign:2.2.6.RELEASE;org.springframework.cloud:spring-cloud-starter:2.2.6.RELEASE;org.springframework.boot:spring-boot-starter:2.3.2.RELEASE;org.springframework.boot:spring-boot:2.3.2.RELEASE;org.springframework.boot:spring-boot-starter-logging:2.3.2.RELEASE;ch.qos.logback:logback-classic:1.2.3;ch.qos.logback:logback-core:1.2.3;org.apache.logging.log4j:log4j-to-slf4j:2.13.3;org.apache.logging.log4j:log4j-api:2.13.3;org.slf4j:jul-to-slf4j:1.7.30;jakarta.annotation:jakarta.annotation-api:1.3.5;org.yaml:snakeyaml:1.26;org.springframework.cloud:spring-cloud-context:2.2.6.RELEASE;org.springframework.security:spring-security-rsa:1.0.9.RELEASE;org.bouncycastle:bcpkix-jdk15on:1.64;org.bouncycastle:bcprov-jdk15on:1.64;org.springframework.cloud:spring-cloud-openfeign-core:2.2.6.RELEASE;org.springframework.boot:spring-boot-autoconfigure:2.3.2.RELEASE;org.springframework.cloud:spring-cloud-netflix-ribbon:2.2.6.RELEASE;org.springframework.cloud:spring-cloud-netflix-archaius:2.2.6.RELEASE;org.springframework.boot:spring-boot-starter-aop:2.3.2.RELEASE;org.aspectj:aspectjweaver:1.9.6;io.github.openfeign.form:feign-form-spring:3.8.0;io.github.openfeign.form:feign-form:3.8.0;commons-fileupload:commons-fileupload:1.4;commons-io:commons-io:2.2;org.springframework.cloud:spring-cloud-commons:2.2.6.RELEASE;org.springframework.security:spring-security-crypto:5.3.3.RELEASE;io.github.openfeign:feign-core:10.10.1;io.github.openfeign:feign-slf4j:10.10.1;io.github.openfeign:feign-hystrix:10.10.1;com.netflix.archaius:archaius-core:0.7.6;commons-configuration:commons-configuration:1.8;commons-lang:commons-lang:2.6;commons-logging:commons-logging:1.1.1;com.netflix.hystrix:hystrix-core:1.5.18;io.reactivex:rxjava:1.2.0;org.hdrhistogram:HdrHistogram:2.1.9;de.adorsys.psd2:xs2a-server-api:9.5;com.fasterxml.jackson.core:jackson-databind:2.10.1;com.fasterxml.jackson.core:jackson-annotations:2.10.1;com.fasterxml.jackson.core:jackson-core:2.10.1;javax.annotation:javax.annotation-api:1.3.2;javax.servlet:javax.servlet-api:4.0.1;io.springfox:springfox-swagger2:2.9.2;io.swagger:swagger-models:1.5.20;io.springfox:springfox-spi:2.9.2;io.springfox:springfox-core:2.9.2;net.bytebuddy:byte-buddy:1.8.12;io.springfox:springfox-schema:2.9.2;io.springfox:springfox-swagger-common:2.9.2;io.springfox:springfox-spring-web:2.9.2;com.fasterxml:classmate:1.4.0;org.springframework.plugin:spring-plugin-core:1.2.0.RELEASE;org.springframework.plugin:spring-plugin-metadata:1.2.0.RELEASE;org.mapstruct:mapstruct:1.2.0.Final;javax.validation:validation-api:2.0.1.Final
76,ch.epfl.scala:bloop-config_sjs1_2.12:1.4.4-13-408f4d80,ch.epfl.scala:bloop-config_sjs1_2.12:1.4.4-13-408f4d80;org.scala-lang:scala-library:2.12.8;org.scala-js:scalajs-library_2.12:1.1.0;com.github.plokhotnyuk.jsoniter-scala:jsoniter-scala-core_sjs1_2.12:2.4.0;io.github.cquiroz:scala-java-time_sjs1_2.12:2.0.0;org.portable-scala:portable-scala-reflect_sjs1_2.12:1.0.0;io.github.cquiroz:scala-java-locales_sjs1_2.12:1.0.0;io.github.cquiroz:cldr-api_sjs1_2.12:1.0.0;io.github.cquiroz:scala-java-time-tzdb_sjs1_2.12:2.0.0
77,org.apache.camel:camel-testcontainers:3.4.4,org.apache.camel:camel-testcontainers:3.4.4;org.apache.camel:camel-test:3.4.4;org.apache.camel:camel-core-engine:3.4.4;org.apache.camel:camel-api:3.4.4;org.apache.camel:camel-base:3.4.4;org.apache.camel:camel-management-api:3.4.4;org.apache.camel:camel-support:3.4.4;org.apache.camel:camel-util:3.4.4;org.apache.camel:camel-core-languages:3.4.4;org.apache.camel:camel-bean:3.4.4;org.apache.camel:camel-browse:3.4.4;org.apache.camel:camel-caffeine-lrucache:3.4.4;com.github.ben-manes.caffeine:caffeine:2.8.4;org.apache.camel:camel-controlbus:3.4.4;org.apache.camel:camel-dataformat:3.4.4;org.apache.camel:camel-dataset:3.4.4;org.apache.camel:camel-direct:3.4.4;org.apache.camel:camel-directvm:3.4.4;org.apache.camel:camel-file:3.4.4;org.apache.camel:camel-cluster:3.4.4;org.apache.camel:camel-core-catalog:3.4.4;org.apache.camel:camel-language:3.4.4;org.apache.camel:camel-log:3.4.4;org.apache.camel:camel-mock:3.4.4;org.apache.camel:camel-ref:3.4.4;org.apache.camel:camel-rest:3.4.4;org.apache.camel:camel-tooling-model:3.4.4;org.apache.camel:camel-util-json:3.4.4;org.apache.camel:camel-saga:3.4.4;org.apache.camel:camel-scheduler:3.4.4;org.apache.camel:camel-seda:3.4.4;org.apache.camel:camel-stub:3.4.4;org.apache.camel:camel-timer:3.4.4;org.apache.camel:camel-validator:3.4.4;org.apache.camel:camel-xml-jaxp:3.4.4;org.apache.camel:camel-vm:3.4.4;org.apache.camel:camel-xpath:3.4.4;org.apache.camel:camel-xslt:3.4.4;junit:junit:4.13;org.hamcrest:hamcrest-core:1.3;org.assertj:assertj-core:3.16.1;org.testcontainers:testcontainers:1.14.3;org.slf4j:slf4j-api:1.7.30;org.jetbrains:annotations:19.0.0;org.apache.commons:commons-compress:1.20;org.rnorth.duct-tape:duct-tape:1.0.8;org.rnorth.visible-assertions:visible-assertions:2.1.2;org.rnorth:tcp-unix-socket-proxy:1.0.2;com.kohlschutter.junixsocket:junixsocket-native-common:2.0.4;org.scijava:native-lib-loader:2.0.2;com.kohlschutter.junixsocket:junixsocket-common:2.0.4;net.java.dev.jna:jna-platform:5.5.0;net.java.dev.jna:jna:5.5.0
78,io.ray:ray-api:1.2.0,io.ray:ray-api:1.2.0;com.sun.xml.bind:jaxb-core:2.3.0;com.sun.xml.bind:jaxb-impl:2.3.0;javax.xml.bind:jaxb-api:2.3.0;log4j:log4j:1.2.17;org.slf4j:slf4j-log4j12:1.7.25;org.slf4j:slf4j-api:1.7.25
79,net.databinder:dispatch-http-json_2.8.2:0.7.8,net.databinder:dispatch-http-json_2.8.2:0.7.8;org.apache.httpcomponents:httpclient:4.0.1;org.apache.httpcomponents:httpcore:4.0.1;commons-logging:commons-logging:1.1.1;commons-codec:commons-codec:1.3;net.databinder:dispatch-http_2.8.2:0.7.8;net.databinder:dispatch-futures_2.8.2:0.7.8;net.databinder:dispatch-json_2.8.2:0.7.8;org.scala-lang:scala-library:2.8.2
